account_id,churn_score,risk_level,mrr,quadrant,quadrant_label,action,plan_tier,industry,seats,avg_usage_count,unique_features_used,nb_tickets,avg_satisfaction,nb_escalations,avg_sub_duration,auto_renew_rate,total_usage_count,avg_error_rate,nb_urgent_tickets
A-00bed1,0.9399,high,3350.6,1,Risque élevé / Valeur élevée,Appel CSM sous 48h + offre de rétention personnalisée,Basic,Cybersecurity,28,10.07843137254902,32,4.0,4.0,0.0,,0.9,514,0.5294117647058824,4.0
A-dec005,0.9398,high,3074.4,1,Risque élevé / Valeur élevée,Appel CSM sous 48h + offre de rétention personnalisée,Pro,HealthTech,21,9.31372549019608,31,2.0,3.0,0.0,18.0,0.7,475,0.8627450980392157,1.0
A-526d93,0.9341,high,4355.666666666667,1,Risque élevé / Valeur élevée,Appel CSM sous 48h + offre de rétention personnalisée,Basic,HealthTech,43,10.089285714285714,28,5.0,3.5,1.0,2.0,0.5555555555555556,565,0.8035714285714286,3.0
A-5f7781,0.9306,high,2050.4,1,Risque élevé / Valeur élevée,Appel CSM sous 48h + offre de rétention personnalisée,Pro,DevTools,22,10.166666666666666,16,2.0,4.0,0.0,,0.8,183,0.5555555555555556,2.0
A-50bb9f,0.9279,high,2157.875,1,Risque élevé / Valeur élevée,Appel CSM sous 48h + offre de rétention personnalisée,Pro,Cybersecurity,2,11.5,18,7.0,4.0,0.0,0.0,0.875,276,0.625,3.0
A-cbbe12,0.9272,high,2180.1666666666665,1,Risque élevé / Valeur élevée,Appel CSM sous 48h + offre de rétention personnalisée,Enterprise,Cybersecurity,40,8.090909090909092,14,6.0,4.25,0.0,265.0,0.8333333333333334,178,0.4545454545454545,4.0
A-bb1486,0.9264,high,2038.375,1,Risque élevé / Valeur élevée,Appel CSM sous 48h + offre de rétention personnalisée,Basic,HealthTech,41,9.642857142857142,24,3.0,3.0,0.0,13.0,0.75,405,0.8571428571428571,2.0
A-50f3f7,0.9256,high,2938.4666666666667,1,Risque élevé / Valeur élevée,Appel CSM sous 48h + offre de rétention personnalisée,Basic,HealthTech,31,9.51388888888889,30,6.0,5.0,1.0,,0.8666666666666667,685,0.625,2.0
A-e1b9cd,0.924,high,2469.4666666666667,1,Risque élevé / Valeur élevée,Appel CSM sous 48h + offre de rétention personnalisée,Pro,DevTools,40,10.5,34,1.0,3.0,0.0,433.0,0.6666666666666666,840,0.5875,1.0
A-9779ad,0.9199,high,5168.0,1,Risque élevé / Valeur élevée,Appel CSM sous 48h + offre de rétention personnalisée,Pro,Cybersecurity,40,9.604651162790695,29,3.0,5.0,0.0,,0.5,413,0.5813953488372093,2.0
A-e3bd71,0.9192,high,3784.5454545454554,1,Risque élevé / Valeur élevée,Appel CSM sous 48h + offre de rétention personnalisée,Basic,Cybersecurity,31,10.459016393442624,32,4.0,4.0,0.0,71.0,0.7272727272727273,638,0.4426229508196721,2.0
A-1e50e0,0.9104,high,2659.0,1,Risque élevé / Valeur élevée,Appel CSM sous 48h + offre de rétention personnalisée,Pro,Cybersecurity,19,9.7,17,2.0,5.0,1.0,263.0,0.8,194,0.75,2.0
A-a8d89d,0.9071,high,2443.333333333333,1,Risque élevé / Valeur élevée,Appel CSM sous 48h + offre de rétention personnalisée,Pro,EdTech,13,10.203703703703704,32,2.0,5.0,0.0,,0.9166666666666666,551,0.4814814814814814,0.0
A-5b4ebb,0.9069,high,2138.692307692308,1,Risque élevé / Valeur élevée,Appel CSM sous 48h + offre de rétention personnalisée,Basic,Cybersecurity,21,9.885714285714286,34,5.0,4.75,0.0,35.0,0.8461538461538461,692,0.3571428571428571,0.0
A-cd458b,0.9034,high,2886.0666666666666,1,Risque élevé / Valeur élevée,Appel CSM sous 48h + offre de rétention personnalisée,Basic,DevTools,10,10.285714285714286,34,5.0,4.6,0.0,27.0,0.8666666666666667,864,0.5357142857142857,4.0
A-ff79f2,0.9029,high,3097.0,1,Risque élevé / Valeur élevée,Appel CSM sous 48h + offre de rétention personnalisée,Basic,DevTools,8,9.585365853658535,24,2.0,,0.0,2.0,0.6666666666666666,393,0.2926829268292683,0.0
A-4a267b,0.8969,high,2968.7,1,Risque élevé / Valeur élevée,Appel CSM sous 48h + offre de rétention personnalisée,Pro,FinTech,25,9.96,31,4.0,4.333333333333333,0.0,53.5,0.9,498,0.44,2.0
A-eafc6e,0.8956,high,2318.428571428572,1,Risque élevé / Valeur élevée,Appel CSM sous 48h + offre de rétention personnalisée,Pro,DevTools,27,9.375,23,1.0,,0.0,,0.8571428571428571,300,0.46875,0.0
A-f6b2fb,0.8956,high,2335.9,1,Risque élevé / Valeur élevée,Appel CSM sous 48h + offre de rétention personnalisée,Basic,DevTools,23,9.527272727272727,29,5.0,4.0,1.0,127.5,0.8,524,0.6727272727272727,2.0
A-1d5444,0.8943,high,2211.285714285714,1,Risque élevé / Valeur élevée,Appel CSM sous 48h + offre de rétention personnalisée,Basic,Cybersecurity,24,10.033898305084746,28,2.0,4.0,0.0,,0.7142857142857143,592,0.5932203389830508,2.0
A-39b19f,0.8927,high,1930.636363636364,1,Risque élevé / Valeur élevée,Appel CSM sous 48h + offre de rétention personnalisée,Enterprise,FinTech,1,9.636363636363637,30,6.0,4.25,1.0,72.0,0.7272727272727273,530,0.6727272727272727,3.0
A-158f4e,0.8899,high,3654.9166666666665,1,Risque élevé / Valeur élevée,Appel CSM sous 48h + offre de rétention personnalisée,Enterprise,FinTech,61,9.244897959183673,32,5.0,4.333333333333333,0.0,331.0,0.8333333333333334,453,0.5918367346938775,3.0
A-39ddf4,0.8893,high,3981.777777777778,1,Risque élevé / Valeur élevée,Appel CSM sous 48h + offre de rétention personnalisée,Enterprise,EdTech,40,9.891304347826088,27,5.0,4.25,0.0,9.0,0.7777777777777778,455,0.782608695652174,4.0
A-4e44e8,0.8892,high,2603.214285714286,1,Risque élevé / Valeur élevée,Appel CSM sous 48h + offre de rétention personnalisée,Enterprise,DevTools,3,9.956521739130435,32,3.0,3.333333333333333,0.0,20.5,0.7857142857142857,687,0.5362318840579711,1.0
A-410e86,0.8797,high,2280.0,1,Risque élevé / Valeur élevée,Appel CSM sous 48h + offre de rétention personnalisée,Basic,FinTech,24,9.733333333333333,22,5.0,3.5,0.0,8.5,0.4285714285714285,292,0.7,1.0
A-ce66f8,0.878,high,1976.3333333333333,1,Risque élevé / Valeur élevée,Appel CSM sous 48h + offre de rétention personnalisée,Pro,EdTech,29,10.73913043478261,29,6.0,3.5,0.0,,1.0,494,0.4130434782608695,2.0
A-560d27,0.8778,high,3470.083333333333,1,Risque élevé / Valeur élevée,Appel CSM sous 48h + offre de rétention personnalisée,Pro,DevTools,23,9.94915254237288,27,4.0,3.6666666666666665,0.0,28.0,0.5833333333333334,587,0.6440677966101694,0.0
A-eb7fac,0.8759,high,4209.6,1,Risque élevé / Valeur élevée,Appel CSM sous 48h + offre de rétention personnalisée,Enterprise,DevTools,7,10.150943396226417,27,4.0,4.0,0.0,92.0,0.9,538,0.8301886792452831,2.0
A-6a7c9d,0.8729,high,2605.6,1,Risque élevé / Valeur élevée,Appel CSM sous 48h + offre de rétention personnalisée,Enterprise,Cybersecurity,26,9.947368421052632,15,3.0,4.0,0.0,9.0,1.0,189,0.3157894736842105,2.0
A-a09355,0.8714,high,2133.75,1,Risque élevé / Valeur élevée,Appel CSM sous 48h + offre de rétention personnalisée,Basic,FinTech,14,10.102564102564102,33,5.0,4.0,0.0,6.0,0.875,788,0.6025641025641025,3.0
A-ac14bb,0.869,high,3468.25,1,Risque élevé / Valeur élevée,Appel CSM sous 48h + offre de rétention personnalisée,Enterprise,FinTech,21,9.833333333333334,31,2.0,4.0,0.0,165.5,0.875,531,0.7777777777777778,1.0
A-1f0636,0.8676,high,8610.0,1,Risque élevé / Valeur élevée,Appel CSM sous 48h + offre de rétention personnalisée,Pro,EdTech,105,10.073529411764708,32,2.0,3.5,0.0,245.0,0.8181818181818182,685,0.4411764705882353,2.0
A-202b67,0.8673,high,2018.6666666666667,1,Risque élevé / Valeur élevée,Appel CSM sous 48h + offre de rétention personnalisée,Pro,HealthTech,11,9.717391304347826,29,4.0,4.666666666666667,0.0,169.0,0.8888888888888888,447,0.8695652173913043,3.0
A-4814a3,0.8629,high,7996.090909090909,1,Risque élevé / Valeur élevée,Appel CSM sous 48h + offre de rétention personnalisée,Basic,Cybersecurity,87,9.783333333333331,35,4.0,4.0,1.0,55.0,0.7272727272727273,587,0.75,2.0
A-94f8c9,0.8479,high,1999.3125,1,Risque élevé / Valeur élevée,Appel CSM sous 48h + offre de rétention personnalisée,Basic,HealthTech,13,9.688311688311687,33,3.0,5.0,0.0,42.0,0.875,746,0.8181818181818182,2.0
A-08e34e,0.8436,high,1983.7272727272727,1,Risque élevé / Valeur élevée,Appel CSM sous 48h + offre de rétention personnalisée,Basic,EdTech,14,10.333333333333334,34,3.0,3.0,0.0,,0.6363636363636364,651,0.5079365079365079,1.0
A-993085,0.8421,high,3230.4,1,Risque élevé / Valeur élevée,Appel CSM sous 48h + offre de rétention personnalisée,Basic,HealthTech,31,9.5,33,4.0,3.5,0.0,19.0,0.8,665,0.7142857142857143,1.0
A-2789e3,0.842,high,2040.75,1,Risque élevé / Valeur élevée,Appel CSM sous 48h + offre de rétention personnalisée,Enterprise,FinTech,11,10.461538461538462,33,4.0,4.0,0.0,,0.8333333333333334,680,0.6923076923076923,0.0
A-20736a,0.8126,high,5789.285714285715,1,Risque élevé / Valeur élevée,Appel CSM sous 48h + offre de rétention personnalisée,Enterprise,EdTech,50,10.238095238095235,22,4.0,3.75,0.0,,1.0,430,0.5238095238095238,3.0
A-fdfc91,0.8074,high,2061.2,1,Risque élevé / Valeur élevée,Appel CSM sous 48h + offre de rétention personnalisée,Basic,Cybersecurity,29,10.071428571428571,32,5.0,3.6666666666666665,0.0,102.0,0.9,564,0.5178571428571429,5.0
A-30b4ca,0.663,medium,9492.25,1,Risque élevé / Valeur élevée,Appel CSM sous 48h + offre de rétention personnalisée,Basic,EdTech,86,9.571428571428571,28,3.0,4.0,0.0,,0.875,402,0.5238095238095238,0.0
A-d77f4c,0.6517,medium,3480.428571428572,1,Risque élevé / Valeur élevée,Appel CSM sous 48h + offre de rétention personnalisée,Pro,DevTools,4,9.951612903225806,31,2.0,4.0,0.0,59.5,0.7857142857142857,617,0.5161290322580645,1.0
A-afa505,0.651,medium,7334.444444444444,1,Risque élevé / Valeur élevée,Appel CSM sous 48h + offre de rétention personnalisée,Basic,DevTools,70,9.941176470588236,33,4.0,3.0,1.0,74.0,0.5555555555555556,507,0.5490196078431373,2.0
A-ab438f,0.6498,medium,2044.75,1,Risque élevé / Valeur élevée,Appel CSM sous 48h + offre de rétention personnalisée,Enterprise,Cybersecurity,13,10.25,25,2.0,3.5,0.0,32.666666666666664,0.75,369,0.3333333333333333,2.0
A-e6afc1,0.6399,medium,2052.909090909091,1,Risque élevé / Valeur élevée,Appel CSM sous 48h + offre de rétention personnalisée,Pro,DevTools,1,9.56338028169014,32,0.0,,0.0,,0.8181818181818182,679,0.4225352112676056,0.0
A-2e3bad,0.635,medium,4587.2,1,Risque élevé / Valeur élevée,Appel CSM sous 48h + offre de rétention personnalisée,Pro,FinTech,61,9.666666666666666,25,5.0,3.5,0.0,35.0,0.8,435,0.5777777777777777,2.0
A-1e1b80,0.6349,medium,4053.9166666666665,1,Risque élevé / Valeur élevée,Appel CSM sous 48h + offre de rétention personnalisée,Enterprise,FinTech,50,10.029411764705882,34,6.0,3.2,0.0,,0.8333333333333334,682,0.6911764705882353,4.0
A-40906c,0.6332,medium,5366.666666666667,1,Risque élevé / Valeur élevée,Appel CSM sous 48h + offre de rétention personnalisée,Basic,EdTech,92,10.873015873015872,32,5.0,3.75,0.0,,0.8333333333333334,685,0.5079365079365079,1.0
A-0354fe,0.6273,medium,2210.0,1,Risque élevé / Valeur élevée,Appel CSM sous 48h + offre de rétention personnalisée,Basic,Cybersecurity,34,10.28888888888889,28,4.0,4.0,0.0,4.0,0.7142857142857143,463,0.6666666666666666,2.0
A-e693b6,0.608,medium,2846.25,1,Risque élevé / Valeur élevée,Appel CSM sous 48h + offre de rétention personnalisée,Enterprise,FinTech,55,11.163934426229508,31,1.0,3.0,0.0,13.5,0.9166666666666666,681,0.4098360655737705,1.0
A-0b0d6d,0.5976,medium,2576.230769230769,1,Risque élevé / Valeur élevée,Appel CSM sous 48h + offre de rétention personnalisée,Pro,DevTools,3,9.387096774193548,32,5.0,4.0,1.0,0.5,1.0,582,0.7741935483870968,3.0
A-b7ef83,0.5942,medium,2391.2,1,Risque élevé / Valeur élevée,Appel CSM sous 48h + offre de rétention personnalisée,Pro,Cybersecurity,1,10.25,34,2.0,4.0,0.0,4.0,0.6666666666666666,738,0.5416666666666666,1.0
A-56962b,0.5939,medium,7800.714285714285,1,Risque élevé / Valeur élevée,Appel CSM sous 48h + offre de rétention personnalisée,Enterprise,EdTech,163,9.344827586206897,16,4.0,3.0,0.0,36.0,0.8571428571428571,271,0.8620689655172413,1.0
A-96bbc6,0.5904,medium,3803.25,1,Risque élevé / Valeur élevée,Appel CSM sous 48h + offre de rétention personnalisée,Enterprise,Cybersecurity,39,9.83673469387755,30,3.0,3.333333333333333,0.0,,0.875,482,0.5102040816326531,1.0
A-b07346,0.5901,medium,6283.2,1,Risque élevé / Valeur élevée,Appel CSM sous 48h + offre de rétention personnalisée,Pro,HealthTech,51,9.87878787878788,23,3.0,3.5,0.0,,0.6,326,0.6666666666666666,2.0
A-e89151,0.5887,medium,2414.8888888888887,1,Risque élevé / Valeur élevée,Appel CSM sous 48h + offre de rétention personnalisée,Pro,FinTech,8,10.362068965517242,30,2.0,5.0,0.0,121.0,0.7777777777777778,601,0.5,0.0
A-6dee43,0.588,medium,2070.0,1,Risque élevé / Valeur élevée,Appel CSM sous 48h + offre de rétention personnalisée,Basic,FinTech,3,9.604166666666666,28,5.0,4.333333333333333,0.0,73.0,0.7272727272727273,461,0.2291666666666666,5.0
A-95b24a,0.587,medium,2275.818181818182,1,Risque élevé / Valeur élevée,Appel CSM sous 48h + offre de rétention personnalisée,Pro,FinTech,38,9.85483870967742,32,5.0,4.25,0.0,,0.6363636363636364,611,0.5483870967741935,4.0
A-40a557,0.5852,medium,2591.555555555556,1,Risque élevé / Valeur élevée,Appel CSM sous 48h + offre de rétention personnalisée,Pro,Cybersecurity,16,10.307692307692308,25,7.0,3.6666666666666665,0.0,5.0,1.0,402,0.4358974358974359,4.0
A-054577,0.5818,medium,2787.5625,1,Risque élevé / Valeur élevée,Appel CSM sous 48h + offre de rétention personnalisée,Basic,EdTech,2,9.8,36,1.0,4.0,0.0,44.0,0.875,833,0.611764705882353,1.0
A-039727,0.5805,medium,2428.0,1,Risque élevé / Valeur élevée,Appel CSM sous 48h + offre de rétention personnalisée,Pro,EdTech,25,10.37837837837838,33,0.0,,0.0,11.0,0.8,768,0.4324324324324324,0.0
A-8e47ca,0.5798,medium,3124.4444444444443,1,Risque élevé / Valeur élevée,Appel CSM sous 48h + offre de rétention personnalisée,Pro,HealthTech,19,9.58695652173913,29,5.0,4.0,1.0,36.0,0.7777777777777778,441,0.7608695652173914,3.0
A-65c341,0.5756,medium,3818.25,1,Risque élevé / Valeur élevée,Appel CSM sous 48h + offre de rétention personnalisée,Pro,FinTech,11,10.789473684210526,25,5.0,4.0,0.0,75.5,1.0,410,0.4736842105263157,4.0
A-b3fe05,0.5723,medium,2721.555555555556,1,Risque élevé / Valeur élevée,Appel CSM sous 48h + offre de rétention personnalisée,Pro,Cybersecurity,8,10.186046511627907,29,4.0,3.0,0.0,29.0,0.8888888888888888,438,0.4186046511627907,4.0
A-310452,0.5691,medium,2200.6,1,Risque élevé / Valeur élevée,Appel CSM sous 48h + offre de rétention personnalisée,Enterprise,DevTools,9,10.72,20,5.0,3.6,0.0,,0.8,268,0.64,1.0
A-ba6516,0.5683,medium,2183.0,1,Risque élevé / Valeur élevée,Appel CSM sous 48h + offre de rétention personnalisée,Pro,FinTech,27,10.7,31,6.0,4.0,0.0,,0.7692307692307693,642,0.5333333333333333,1.0
A-42b791,0.5673,medium,2722.8571428571427,1,Risque élevé / Valeur élevée,Appel CSM sous 48h + offre de rétention personnalisée,Pro,FinTech,3,9.75,19,3.0,4.0,0.0,31.0,0.5714285714285714,312,0.1875,2.0
A-d42431,0.5622,medium,2351.1111111111118,1,Risque élevé / Valeur élevée,Appel CSM sous 48h + offre de rétention personnalisée,Enterprise,FinTech,22,9.72340425531915,26,4.0,4.0,0.0,29.0,0.7777777777777778,457,0.723404255319149,3.0
A-91e948,0.5609,medium,3127.714285714286,1,Risque élevé / Valeur élevée,Appel CSM sous 48h + offre de rétention personnalisée,Basic,EdTech,41,10.1,23,0.0,,0.0,,1.0,404,0.4,0.0
A-7df7a7,0.5511,medium,1943.6666666666667,1,Risque élevé / Valeur élevée,Appel CSM sous 48h + offre de rétention personnalisée,Basic,DevTools,7,10.131868131868131,36,3.0,4.0,1.0,93.0,0.8,922,0.5164835164835165,3.0
A-ad64c6,0.5504,medium,2451.333333333333,1,Risque élevé / Valeur élevée,Appel CSM sous 48h + offre de rétention personnalisée,Pro,DevTools,12,10.75,16,4.0,5.0,0.0,88.0,0.6666666666666666,215,0.9,2.0
A-86902e,0.5479,medium,3604.1,1,Risque élevé / Valeur élevée,Appel CSM sous 48h + offre de rétention personnalisée,Enterprise,HealthTech,34,9.968253968253968,32,9.0,3.5,0.0,379.0,0.9,628,0.5714285714285714,4.0
A-8ae05d,0.5449,medium,3747.142857142857,1,Risque élevé / Valeur élevée,Appel CSM sous 48h + offre de rétention personnalisée,Enterprise,FinTech,86,10.15,16,1.0,4.0,0.0,31.0,0.7142857142857143,203,0.5,1.0
A-902ef7,0.5447,medium,5540.25,1,Risque élevé / Valeur élevée,Appel CSM sous 48h + offre de rétention personnalisée,Enterprise,HealthTech,83,10.35,31,2.0,4.0,0.0,,1.0,414,0.6,2.0
A-37f969,0.5399,medium,2869.875,1,Risque élevé / Valeur élevée,Appel CSM sous 48h + offre de rétention personnalisée,Enterprise,HealthTech,30,9.75,25,5.0,3.6666666666666665,1.0,,0.75,312,0.4375,2.0
A-d27f50,0.5379,medium,3734.5833333333335,1,Risque élevé / Valeur élevée,Appel CSM sous 48h + offre de rétention personnalisée,Enterprise,Cybersecurity,44,9.62,29,4.0,3.75,0.0,29.33333333333333,0.75,481,0.62,2.0
A-84ebe4,0.5354,medium,2544.909090909091,1,Risque élevé / Valeur élevée,Appel CSM sous 48h + offre de rétention personnalisée,Pro,FinTech,18,9.428571428571429,27,4.0,4.0,0.0,160.0,0.9090909090909092,396,0.6190476190476191,1.0
A-4f18f0,0.5309,medium,2522.0,1,Risque élevé / Valeur élevée,Appel CSM sous 48h + offre de rétention personnalisée,Pro,DevTools,24,9.543859649122806,33,5.0,4.0,0.0,54.0,0.75,544,0.4385964912280701,2.0
A-bcbe98,0.5306,medium,1969.636363636364,1,Risque élevé / Valeur élevée,Appel CSM sous 48h + offre de rétention personnalisée,Enterprise,Cybersecurity,46,9.76923076923077,34,7.0,4.0,1.0,,0.8181818181818182,635,0.6615384615384615,4.0
A-c7ffc2,0.5283,medium,3009.333333333333,1,Risque élevé / Valeur élevée,Appel CSM sous 48h + offre de rétention personnalisée,Pro,Cybersecurity,30,10.32258064516129,30,2.0,3.0,0.0,,0.75,640,0.4516129032258064,1.0
A-bd4513,0.528,medium,4350.333333333333,1,Risque élevé / Valeur élevée,Appel CSM sous 48h + offre de rétention personnalisée,Enterprise,DevTools,50,9.941176470588236,28,3.0,4.666666666666667,0.0,3.5,0.8333333333333334,507,0.6666666666666666,1.0
A-faa28c,0.5253,medium,4171.714285714285,1,Risque élevé / Valeur élevée,Appel CSM sous 48h + offre de rétention personnalisée,Enterprise,HealthTech,48,9.915254237288137,25,4.0,4.666666666666667,1.0,196.5,0.7857142857142857,585,0.4067796610169492,2.0
A-337bc1,0.522,medium,2768.428571428572,1,Risque élevé / Valeur élevée,Appel CSM sous 48h + offre de rétention personnalisée,Pro,Cybersecurity,30,9.883720930232558,27,4.0,4.0,1.0,,0.8571428571428571,425,0.7906976744186046,2.0
A-5fe118,0.5168,medium,4458.0,1,Risque élevé / Valeur élevée,Appel CSM sous 48h + offre de rétention personnalisée,Enterprise,Cybersecurity,39,11.095238095238097,14,1.0,4.0,0.0,,0.8,233,0.5714285714285714,1.0
A-cc8c8f,0.5161,medium,2228.5714285714284,1,Risque élevé / Valeur élevée,Appel CSM sous 48h + offre de rétention personnalisée,Enterprise,DevTools,23,9.571428571428571,20,2.0,3.5,0.0,51.0,0.8571428571428571,268,0.6428571428571429,2.0
A-7920cc,0.5144,medium,3255.5625,1,Risque élevé / Valeur élevée,Appel CSM sous 48h + offre de rétention personnalisée,Pro,Cybersecurity,39,9.693548387096774,32,7.0,4.333333333333333,0.0,,1.0,601,0.4516129032258064,1.0
A-fa3095,0.5135,medium,5769.166666666667,1,Risque élevé / Valeur élevée,Appel CSM sous 48h + offre de rétention personnalisée,Basic,FinTech,70,10.169491525423728,31,5.0,5.0,0.0,,1.0,600,0.711864406779661,3.0
A-a865bd,0.5135,medium,4204.4,1,Risque élevé / Valeur élevée,Appel CSM sous 48h + offre de rétention personnalisée,Pro,Cybersecurity,38,9.583333333333334,19,2.0,3.0,0.0,,0.6,230,0.5416666666666666,1.0
A-13466a,0.5106,medium,2223.833333333333,1,Risque élevé / Valeur élevée,Appel CSM sous 48h + offre de rétention personnalisée,Basic,DevTools,2,9.318181818181818,17,3.0,4.333333333333333,1.0,181.5,0.8333333333333334,205,0.6363636363636364,2.0
A-0cc442,0.5087,medium,4764.2307692307695,1,Risque élevé / Valeur élevée,Appel CSM sous 48h + offre de rétention personnalisée,Basic,EdTech,45,9.935064935064934,34,3.0,3.0,0.0,30.0,0.6923076923076923,765,0.5324675324675324,1.0
A-d3c88e,0.5044,medium,2014.076923076923,1,Risque élevé / Valeur élevée,Appel CSM sous 48h + offre de rétention personnalisée,Pro,DevTools,16,10.0625,33,3.0,4.0,0.0,,0.6923076923076923,644,0.75,3.0
A-98a59a,0.5032,medium,3645.6,1,Risque élevé / Valeur élevée,Appel CSM sous 48h + offre de rétention personnalisée,Enterprise,FinTech,56,10.340909090909092,27,3.0,4.5,0.0,,0.6,455,0.4772727272727273,2.0
A-a33200,0.502,medium,2409.4166666666665,1,Risque élevé / Valeur élevée,Appel CSM sous 48h + offre de rétention personnalisée,Basic,HealthTech,29,9.4,33,3.0,4.5,0.0,30.0,0.75,517,0.4727272727272727,1.0
A-9289f6,0.9417,high,1091.3333333333333,2,Risque élevé / Valeur faible,Email automatisé de réengagement + relance à J+7,Enterprise,EdTech,1,9.441176470588236,33,6.0,4.333333333333333,0.0,5.0,0.8333333333333334,642,0.5588235294117647,3.0
A-f9cc74,0.9404,high,1555.7,2,Risque élevé / Valeur faible,Email automatisé de réengagement + relance à J+7,Enterprise,DevTools,30,9.68,30,6.0,4.0,0.0,17.0,0.8,484,0.44,0.0
A-075038,0.9393,high,1350.642857142857,2,Risque élevé / Valeur faible,Email automatisé de réengagement + relance à J+7,Basic,HealthTech,17,10.614285714285714,32,2.0,3.0,0.0,,0.7857142857142857,743,0.4428571428571428,2.0
A-52dd88,0.9379,high,1508.3636363636365,2,Risque élevé / Valeur faible,Email automatisé de réengagement + relance à J+7,Pro,Cybersecurity,23,10.32,28,1.0,,0.0,,0.6363636363636364,516,0.66,0.0
A-533452,0.9342,high,1878.5454545454545,2,Risque élevé / Valeur faible,Email automatisé de réengagement + relance à J+7,Pro,DevTools,9,9.444444444444445,32,4.0,4.0,0.0,27.0,0.9090909090909092,595,0.6984126984126984,2.0
A-296d7c,0.9302,high,284.1428571428572,2,Risque élevé / Valeur faible,Email automatisé de réengagement + relance à J+7,Enterprise,DevTools,2,10.818181818181818,21,5.0,3.75,0.0,,0.7142857142857143,357,0.5454545454545454,2.0
A-db5e9e,0.9245,high,1156.375,2,Risque élevé / Valeur faible,Email automatisé de réengagement + relance à J+7,Basic,DevTools,4,10.280701754385966,29,2.0,5.0,0.0,0.0,0.75,586,0.4736842105263157,0.0
A-ffc04f,0.9231,high,1335.9333333333334,2,Risque élevé / Valeur faible,Email automatisé de réengagement + relance à J+7,Pro,EdTech,13,9.965116279069768,37,7.0,4.5,1.0,10.5,0.5333333333333333,857,0.7441860465116279,3.0
A-c16cf7,0.9191,high,1227.4,2,Risque élevé / Valeur faible,Email automatisé de réengagement + relance à J+7,Pro,EdTech,13,9.948275862068966,33,3.0,3.5,0.0,22.0,0.8,577,0.4482758620689655,0.0
A-8ed5dd,0.919,high,996.3333333333334,2,Risque élevé / Valeur faible,Email automatisé de réengagement + relance à J+7,Enterprise,EdTech,5,9.909090909090908,29,6.0,3.75,0.0,195.0,0.9166666666666666,545,0.8181818181818182,4.0
A-9ee962,0.918,high,1046.6666666666667,2,Risque élevé / Valeur faible,Email automatisé de réengagement + relance à J+7,Basic,HealthTech,9,11.256410256410255,25,3.0,4.0,0.0,90.5,0.7777777777777778,439,0.4358974358974359,1.0
A-3b5cd1,0.9165,high,1821.2307692307693,2,Risque élevé / Valeur faible,Email automatisé de réengagement + relance à J+7,Basic,FinTech,13,10.057692307692308,27,5.0,4.0,0.0,,0.6923076923076923,523,0.4615384615384615,2.0
A-1b7577,0.9136,high,797.3636363636364,2,Risque élevé / Valeur faible,Email automatisé de réengagement + relance à J+7,Pro,Cybersecurity,4,10.435483870967742,33,5.0,4.0,0.0,5.0,1.0,647,0.532258064516129,3.0
A-8145a0,0.9057,high,1438.3333333333333,2,Risque élevé / Valeur faible,Email automatisé de réengagement + relance à J+7,Basic,Cybersecurity,2,10.828125,32,6.0,4.0,0.0,129.0,0.9166666666666666,693,0.421875,2.0
A-d792a6,0.9044,high,1536.6,2,Risque élevé / Valeur faible,Email automatisé de réengagement + relance à J+7,Enterprise,DevTools,4,10.147058823529411,32,5.0,4.0,0.0,183.0,0.9333333333333332,690,0.5882352941176471,3.0
A-186a44,0.9012,high,1499.2142857142858,2,Risque élevé / Valeur faible,Email automatisé de réengagement + relance à J+7,Enterprise,HealthTech,20,10.065573770491802,30,7.0,3.5,0.0,8.0,0.7142857142857143,614,0.4098360655737705,5.0
A-92a333,0.9001,high,1776.5,2,Risque élevé / Valeur faible,Email automatisé de réengagement + relance à J+7,Enterprise,FinTech,9,10.11111111111111,22,4.0,,1.0,,1.0,364,0.8333333333333334,1.0
A-a7bd4b,0.9001,high,569.8181818181819,2,Risque élevé / Valeur faible,Email automatisé de réengagement + relance à J+7,Enterprise,Cybersecurity,5,10.472727272727273,29,6.0,3.25,0.0,168.66666666666666,0.8181818181818182,576,0.6727272727272727,4.0
A-45ce7a,0.8986,high,1173.7142857142858,2,Risque élevé / Valeur faible,Email automatisé de réengagement + relance à J+7,Enterprise,FinTech,16,10.871794871794872,21,5.0,3.6666666666666665,0.0,276.0,0.7142857142857143,424,0.7692307692307693,0.0
A-4bfa33,0.8982,high,800.8571428571429,2,Risque élevé / Valeur faible,Email automatisé de réengagement + relance à J+7,Basic,Cybersecurity,8,9.13888888888889,23,4.0,3.6666666666666665,0.0,17.0,0.8571428571428571,329,0.4722222222222222,3.0
A-c37601,0.8964,high,1706.25,2,Risque élevé / Valeur faible,Email automatisé de réengagement + relance à J+7,Basic,EdTech,6,10.1875,28,4.0,3.6666666666666665,0.0,23.5,0.8333333333333334,489,0.4375,2.0
A-5a92e7,0.8919,high,666.8947368421053,2,Risque élevé / Valeur faible,Email automatisé de réengagement + relance à J+7,Pro,HealthTech,4,10.411764705882351,37,7.0,4.4,0.0,55.0,0.7894736842105263,885,0.8941176470588236,4.0
A-d535f6,0.8912,high,823.8888888888889,2,Risque élevé / Valeur faible,Email automatisé de réengagement + relance à J+7,Basic,DevTools,12,10.148936170212766,26,0.0,,0.0,,0.8888888888888888,477,0.6170212765957447,0.0
A-17939a,0.8905,high,879.0,2,Risque élevé / Valeur faible,Email automatisé de réengagement + relance à J+7,Basic,HealthTech,1,9.361702127659576,25,7.0,4.5,0.0,1.5,0.8181818181818182,440,0.9148936170212766,5.0
A-e19ff6,0.8875,high,409.1666666666667,2,Risque élevé / Valeur faible,Email automatisé de réengagement + relance à J+7,Enterprise,Cybersecurity,1,10.133333333333333,26,3.0,4.666666666666667,0.0,,0.5833333333333334,456,0.5333333333333333,3.0
A-9077b0,0.8856,high,509.2857142857143,2,Risque élevé / Valeur faible,Email automatisé de réengagement + relance à J+7,Basic,HealthTech,2,10.717391304347826,26,3.0,4.333333333333333,0.0,19.0,1.0,493,0.6739130434782609,3.0
A-54d94a,0.8819,high,1141.5454545454545,2,Risque élevé / Valeur faible,Email automatisé de réengagement + relance à J+7,Basic,Cybersecurity,27,9.864406779661016,30,4.0,3.5,0.0,60.0,0.9090909090909092,582,0.4745762711864407,0.0
A-6f8ad2,0.879,high,1525.1764705882354,2,Risque élevé / Valeur faible,Email automatisé de réengagement + relance à J+7,Basic,EdTech,1,10.5,38,4.0,4.333333333333333,0.0,17.5,0.5882352941176471,924,0.6704545454545454,2.0
A-86cdb4,0.8786,high,394.55555555555554,2,Risque élevé / Valeur faible,Email automatisé de réengagement + relance à J+7,Basic,DevTools,2,10.040816326530612,27,5.0,4.333333333333333,0.0,47.0,1.0,492,0.4897959183673469,4.0
A-331424,0.8755,high,1129.3333333333333,2,Risque élevé / Valeur faible,Email automatisé de réengagement + relance à J+7,Basic,DevTools,11,10.7,17,2.0,,0.0,178.0,0.5,214,0.45,0.0
A-328bd0,0.8714,high,1229.1538461538462,2,Risque élevé / Valeur faible,Email automatisé de réengagement + relance à J+7,Enterprise,HealthTech,18,9.311475409836063,30,5.0,3.6666666666666665,0.0,36.5,0.7692307692307693,568,0.8032786885245902,2.0
A-bbe56f,0.871,high,1205.0,2,Risque élevé / Valeur faible,Email automatisé de réengagement + relance à J+7,Enterprise,HealthTech,21,10.545454545454543,13,4.0,4.0,0.0,,1.0,232,0.3636363636363636,2.0
A-4e0e85,0.8697,high,568.0,2,Risque élevé / Valeur faible,Email automatisé de réengagement + relance à J+7,Enterprise,DevTools,6,9.290322580645162,20,2.0,5.0,0.0,,0.875,288,0.2903225806451613,1.0
A-443b7c,0.864,high,1503.875,2,Risque élevé / Valeur faible,Email automatisé de réengagement + relance à J+7,Enterprise,Cybersecurity,1,9.80952380952381,28,8.0,4.4,0.0,5.5,0.8125,618,0.4603174603174603,6.0
A-7f29a7,0.8626,high,1714.5454545454545,2,Risque élevé / Valeur faible,Email automatisé de réengagement + relance à J+7,Basic,Cybersecurity,41,9.983870967741936,32,1.0,4.0,0.0,18.33333333333333,0.6363636363636364,619,0.6129032258064516,1.0
A-bf7919,0.8611,high,260.0,2,Risque élevé / Valeur faible,Email automatisé de réengagement + relance à J+7,Pro,HealthTech,3,10.076923076923077,23,2.0,5.0,0.0,8.0,0.6666666666666666,262,0.5384615384615384,1.0
A-249769,0.8606,high,1209.0,2,Risque élevé / Valeur faible,Email automatisé de réengagement + relance à J+7,Enterprise,Cybersecurity,4,9.970588235294118,31,2.0,4.0,0.0,,1.0,678,0.4411764705882353,1.0
A-7a0d69,0.8574,high,942.0,2,Risque élevé / Valeur faible,Email automatisé de réengagement + relance à J+7,Enterprise,DevTools,4,9.934426229508198,31,2.0,5.0,0.0,,0.9090909090909092,606,0.5081967213114754,2.0
A-b2af2e,0.8547,high,778.0,2,Risque élevé / Valeur faible,Email automatisé de réengagement + relance à J+7,Enterprise,Cybersecurity,5,9.666666666666666,14,2.0,4.0,0.0,,0.25,174,0.6111111111111112,0.0
A-bc4d48,0.8531,high,1770.0,2,Risque élevé / Valeur faible,Email automatisé de réengagement + relance à J+7,Pro,EdTech,35,10.03125,24,6.0,4.2,1.0,,0.5714285714285714,321,0.28125,4.0
A-241e75,0.8522,high,718.8,2,Risque élevé / Valeur faible,Email automatisé de réengagement + relance à J+7,Enterprise,EdTech,3,9.5,17,4.0,4.5,0.0,,0.8,266,0.7142857142857143,1.0
A-96215d,0.8519,high,1718.6666666666667,2,Risque élevé / Valeur faible,Email automatisé de réengagement + relance à J+7,Enterprise,FinTech,10,10.84375,20,1.0,3.0,0.0,,0.5,347,0.65625,1.0
A-751c58,0.8487,high,1781.5454545454545,2,Risque élevé / Valeur faible,Email automatisé de réengagement + relance à J+7,Basic,FinTech,15,10.830188679245284,31,5.0,4.333333333333333,0.0,,0.8181818181818182,574,0.2264150943396226,0.0
A-72799b,0.8448,high,1731.5,2,Risque élevé / Valeur faible,Email automatisé de réengagement + relance à J+7,Enterprise,DevTools,20,9.821428571428571,31,2.0,4.5,1.0,162.0,0.8,550,0.6071428571428571,1.0
A-42e5e1,0.844,high,1273.7142857142858,2,Risque élevé / Valeur faible,Email automatisé de réengagement + relance à J+7,Pro,DevTools,1,10.024390243902438,24,3.0,4.0,0.0,13.0,0.8571428571428571,411,1.0,2.0
A-ccc747,0.8392,high,802.0,2,Risque élevé / Valeur faible,Email automatisé de réengagement + relance à J+7,Pro,HealthTech,16,9.466666666666669,23,4.0,5.0,1.0,76.0,0.3333333333333333,284,0.4333333333333333,1.0
A-342303,0.8369,high,565.0,2,Risque élevé / Valeur faible,Email automatisé de réengagement + relance à J+7,Pro,EdTech,1,9.4,12,3.0,4.5,0.0,,1.0,141,0.3333333333333333,2.0
A-eb1312,0.8108,high,1512.25,2,Risque élevé / Valeur faible,Email automatisé de réengagement + relance à J+7,Pro,FinTech,25,10.2,31,1.0,5.0,0.0,36.0,0.8333333333333334,663,0.5846153846153846,0.0
A-e61e98,0.6485,medium,1498.2222222222222,2,Risque élevé / Valeur faible,Email automatisé de réengagement + relance à J+7,Enterprise,FinTech,19,9.410714285714286,32,6.0,4.6,1.0,,0.7777777777777778,527,0.4464285714285714,2.0
A-d4ac0e,0.6431,medium,1450.3684210526317,2,Risque élevé / Valeur faible,Email automatisé de réengagement + relance à J+7,Basic,DevTools,18,9.9125,38,4.0,3.5,0.0,49.0,0.8947368421052632,793,0.6625,2.0
A-58b9ff,0.6418,medium,1741.6923076923076,2,Risque élevé / Valeur faible,Email automatisé de réengagement + relance à J+7,Enterprise,DevTools,2,10.261538461538462,28,2.0,4.0,1.0,18.0,0.6153846153846154,667,0.4923076923076923,0.0
A-977ca0,0.6237,medium,1878.4375,2,Risque élevé / Valeur faible,Email automatisé de réengagement + relance à J+7,Basic,HealthTech,6,10.505882352941176,38,3.0,4.0,0.0,75.5,0.8125,893,0.5411764705882353,2.0
A-b7724f,0.6111,medium,402.75,2,Risque élevé / Valeur faible,Email automatisé de réengagement + relance à J+7,Basic,HealthTech,1,10.0,28,3.0,3.0,0.0,90.0,0.875,380,0.4210526315789473,1.0
A-3ce5b8,0.6071,medium,1850.0,2,Risque élevé / Valeur faible,Email automatisé de réengagement + relance à J+7,Basic,FinTech,8,10.18,29,10.0,3.7142857142857135,0.0,,1.0,509,0.58,6.0
A-f19b24,0.6029,medium,841.0,2,Risque élevé / Valeur faible,Email automatisé de réengagement + relance à J+7,Pro,Cybersecurity,29,9.916666666666666,12,2.0,4.0,1.0,,1.0,119,0.8333333333333334,1.0
A-ac9111,0.6026,medium,1664.125,2,Risque élevé / Valeur faible,Email automatisé de réengagement + relance à J+7,Pro,HealthTech,21,9.734939759036145,36,3.0,5.0,0.0,172.0,0.875,808,0.5542168674698795,2.0
A-bc87bc,0.6019,medium,1504.0,2,Risque élevé / Valeur faible,Email automatisé de réengagement + relance à J+7,Pro,FinTech,3,10.944444444444445,24,7.0,3.75,0.0,37.0,1.0,394,0.3888888888888889,4.0
A-e40f45,0.5965,medium,1689.2857142857142,2,Risque élevé / Valeur faible,Email automatisé de réengagement + relance à J+7,Pro,HealthTech,21,8.911111111111111,29,7.0,4.333333333333333,0.0,28.0,0.8571428571428571,401,0.5777777777777777,4.0
A-0a62f5,0.5958,medium,1215.25,2,Risque élevé / Valeur faible,Email automatisé de réengagement + relance à J+7,Pro,FinTech,16,9.76,20,2.0,,0.0,,1.0,244,0.28,2.0
A-86fc1d,0.5895,medium,1686.7777777777778,2,Risque élevé / Valeur faible,Email automatisé de réengagement + relance à J+7,Basic,DevTools,26,9.81081081081081,26,5.0,4.0,0.0,5.5,0.8888888888888888,363,0.7027027027027027,5.0
A-cea1f0,0.5885,medium,1224.4,2,Risque élevé / Valeur faible,Email automatisé de réengagement + relance à J+7,Pro,FinTech,8,10.464285714285714,28,5.0,4.333333333333333,0.0,,0.4,586,0.5,3.0
A-9affe6,0.5869,medium,966.9090909090908,2,Risque élevé / Valeur faible,Email automatisé de réengagement + relance à J+7,Pro,Cybersecurity,7,10.063829787234043,26,3.0,3.0,0.0,362.5,0.9090909090909092,473,0.3404255319148936,2.0
A-94c3cd,0.5837,medium,1506.0,2,Risque élevé / Valeur faible,Email automatisé de réengagement + relance à J+7,Enterprise,FinTech,32,9.870967741935484,18,4.0,3.5,1.0,,0.6666666666666666,306,0.5806451612903226,2.0
A-f446b6,0.5785,medium,1265.7777777777778,2,Risque élevé / Valeur faible,Email automatisé de réengagement + relance à J+7,Pro,DevTools,5,9.64102564102564,27,8.0,4.25,1.0,80.0,0.7777777777777778,376,0.7948717948717948,6.0
A-69fad4,0.5782,medium,1245.857142857143,2,Risque élevé / Valeur faible,Email automatisé de réengagement + relance à J+7,Basic,FinTech,6,10.564102564102564,24,4.0,3.6666666666666665,0.0,178.5,0.8571428571428571,412,0.6153846153846154,1.0
A-9f2731,0.5777,medium,516.1428571428571,2,Risque élevé / Valeur faible,Email automatisé de réengagement + relance à J+7,Enterprise,FinTech,1,10.125,23,0.0,,0.0,,1.0,324,0.625,0.0
A-c62e55,0.577,medium,1322.4444444444443,2,Risque élevé / Valeur faible,Email automatisé de réengagement + relance à J+7,Basic,EdTech,1,10.53125,24,4.0,4.0,0.0,,0.7777777777777778,337,0.40625,2.0
A-cc102e,0.576,medium,1006.3,2,Risque élevé / Valeur faible,Email automatisé de réengagement + relance à J+7,Enterprise,HealthTech,13,9.16279069767442,26,4.0,4.333333333333333,0.0,141.0,0.8,394,0.9069767441860463,1.0
A-8b25f2,0.5737,medium,1080.6153846153843,2,Risque élevé / Valeur faible,Email automatisé de réengagement + relance à J+7,Pro,Cybersecurity,6,10.462962962962964,29,2.0,4.0,0.0,44.0,1.0,565,0.3703703703703703,0.0
A-10b8da,0.5714,medium,1464.5,2,Risque élevé / Valeur faible,Email automatisé de réengagement + relance à J+7,Enterprise,DevTools,14,9.51851851851852,23,3.0,3.5,0.0,254.0,0.6666666666666666,257,0.5185185185185185,2.0
A-016043,0.5699,medium,1501.4545454545455,2,Risque élevé / Valeur faible,Email automatisé de réengagement + relance à J+7,Basic,EdTech,4,10.425531914893616,26,3.0,4.0,0.0,28.0,0.5454545454545454,490,0.4468085106382978,2.0
A-712426,0.5692,medium,746.4666666666667,2,Risque élevé / Valeur faible,Email automatisé de réengagement + relance à J+7,Enterprise,HealthTech,9,9.942857142857145,32,6.0,4.4,0.0,15.0,1.0,696,0.4428571428571428,2.0
A-600734,0.5674,medium,1394.7692307692307,2,Risque élevé / Valeur faible,Email automatisé de réengagement + relance à J+7,Pro,DevTools,29,9.565217391304348,33,7.0,3.6666666666666665,1.0,71.0,0.7692307692307693,660,0.4347826086956521,5.0
A-104f1a,0.5648,medium,1577.125,2,Risque élevé / Valeur faible,Email automatisé de réengagement + relance à J+7,Pro,Cybersecurity,24,9.954545454545457,28,5.0,3.75,1.0,87.0,0.875,438,0.5,1.0
A-fa2041,0.5616,medium,1742.9166666666667,2,Risque élevé / Valeur faible,Email automatisé de réengagement + relance à J+7,Pro,HealthTech,15,9.049180327868852,34,1.0,3.0,0.0,,0.9166666666666666,552,0.5573770491803278,0.0
A-f92792,0.5607,medium,1343.357142857143,2,Risque élevé / Valeur faible,Email automatisé de réengagement + relance à J+7,Pro,FinTech,1,9.962264150943396,32,2.0,4.0,0.0,,0.5714285714285714,528,0.5849056603773585,0.0
A-0e966d,0.5596,medium,1131.3636363636365,2,Risque élevé / Valeur faible,Email automatisé de réengagement + relance à J+7,Basic,FinTech,11,9.9375,31,3.0,4.5,1.0,4.0,0.8181818181818182,636,0.53125,1.0
A-4c6f11,0.559,medium,1517.2,2,Risque élevé / Valeur faible,Email automatisé de réengagement + relance à J+7,Pro,FinTech,24,11.166666666666666,20,3.0,4.333333333333333,0.0,,0.6,268,0.1666666666666666,3.0
A-c45b23,0.5587,medium,708.6666666666666,2,Risque élevé / Valeur faible,Email automatisé de réengagement + relance à J+7,Basic,FinTech,5,9.847457627118644,32,3.0,3.0,0.0,3.0,0.75,581,0.5084745762711864,3.0
A-508199,0.5581,medium,1687.2,2,Risque élevé / Valeur faible,Email automatisé de réengagement + relance à J+7,Basic,FinTech,19,9.625,16,3.0,3.0,0.0,,0.6,231,0.625,1.0
A-53f4e3,0.5581,medium,1507.2,2,Risque élevé / Valeur faible,Email automatisé de réengagement + relance à J+7,Enterprise,Cybersecurity,13,9.318181818181818,29,5.0,4.0,0.0,60.0,0.8,410,1.0227272727272727,5.0
A-d49cc5,0.558,medium,1665.625,2,Risque élevé / Valeur faible,Email automatisé de réengagement + relance à J+7,Basic,Cybersecurity,50,10.634146341463415,27,4.0,4.5,0.0,,0.875,436,0.8292682926829268,2.0
A-cb5333,0.5544,medium,1641.0,2,Risque élevé / Valeur faible,Email automatisé de réengagement + relance à J+7,Pro,DevTools,33,9.707317073170731,36,4.0,3.0,0.0,10.0,0.75,796,0.4146341463414634,2.0
A-6e08f3,0.552,medium,1819.0,2,Risque élevé / Valeur faible,Email automatisé de réengagement + relance à J+7,Basic,Cybersecurity,8,9.84,28,2.0,3.5,0.0,,0.7,492,0.42,1.0
A-726cfa,0.5494,medium,1830.6315789473683,2,Risque élevé / Valeur faible,Email automatisé de réengagement + relance à J+7,Pro,DevTools,11,10.13265306122449,40,3.0,4.0,0.0,216.5,0.8421052631578947,993,0.4591836734693877,2.0
A-bcf664,0.5484,medium,1056.0,2,Risque élevé / Valeur faible,Email automatisé de réengagement + relance à J+7,Pro,DevTools,5,10.267857142857142,31,5.0,4.0,1.0,16.0,1.0,575,0.5,4.0
A-e7a1e2,0.5456,medium,1670.1666666666667,2,Risque élevé / Valeur faible,Email automatisé de réengagement + relance à J+7,Enterprise,Cybersecurity,3,10.338235294117649,36,1.0,4.0,0.0,20.0,0.8333333333333334,703,0.5294117647058824,0.0
A-9b9fe9,0.5446,medium,1643.75,2,Risque élevé / Valeur faible,Email automatisé de réengagement + relance à J+7,Basic,EdTech,5,10.29310344827586,30,4.0,4.0,0.0,82.0,0.8333333333333334,597,0.3793103448275862,2.0
A-b07b56,0.5441,medium,1132.2666666666669,2,Risque élevé / Valeur faible,Email automatisé de réengagement + relance à J+7,Pro,DevTools,25,9.890625,32,4.0,3.0,0.0,6.0,0.8,633,0.609375,4.0
A-6e7827,0.5429,medium,927.1111111111112,2,Risque élevé / Valeur faible,Email automatisé de réengagement + relance à J+7,Basic,DevTools,1,10.21951219512195,24,2.0,3.5,0.0,7.0,0.7777777777777778,419,0.7560975609756098,0.0
A-6843f2,0.5422,medium,1835.555555555556,2,Risque élevé / Valeur faible,Email automatisé de réengagement + relance à J+7,Enterprise,HealthTech,21,10.456521739130435,24,2.0,3.0,0.0,,1.0,481,0.3695652173913043,1.0
A-cbd1a3,0.538,medium,1635.1,2,Risque élevé / Valeur faible,Email automatisé de réengagement + relance à J+7,Basic,DevTools,6,10.333333333333334,29,4.0,4.0,0.0,,0.8,465,0.7111111111111111,1.0
A-7641d3,0.5352,medium,1096.3636363636365,2,Risque élevé / Valeur faible,Email automatisé de réengagement + relance à J+7,Pro,EdTech,8,10.38,28,5.0,4.333333333333333,2.0,,0.7272727272727273,519,0.52,3.0
A-625d0b,0.5323,medium,1081.1818181818182,2,Risque élevé / Valeur faible,Email automatisé de réengagement + relance à J+7,Basic,EdTech,9,9.796296296296296,32,5.0,3.0,0.0,6.0,0.9090909090909092,529,0.7037037037037037,3.0
A-4ef964,0.5311,medium,1586.5555555555557,2,Risque élevé / Valeur faible,Email automatisé de réengagement + relance à J+7,Pro,HealthTech,17,9.93877551020408,31,3.0,4.0,0.0,32.0,0.6666666666666666,487,0.673469387755102,1.0
A-bb3bd4,0.5288,medium,1064.571428571429,2,Risque élevé / Valeur faible,Email automatisé de réengagement + relance à J+7,Basic,HealthTech,23,10.5,18,11.0,4.142857142857143,0.0,,1.0,315,0.3666666666666666,5.0
A-940b8b,0.5286,medium,1205.0,2,Risque élevé / Valeur faible,Email automatisé de réengagement + relance à J+7,Basic,HealthTech,1,10.342857142857143,23,3.0,4.0,0.0,,0.75,362,0.9142857142857144,2.0
A-378b99,0.5283,medium,1009.6666666666666,2,Risque élevé / Valeur faible,Email automatisé de réengagement + relance à J+7,Pro,EdTech,8,9.741379310344827,33,6.0,4.5,0.0,28.0,1.0,565,0.6551724137931034,1.0
A-313be3,0.5261,medium,1727.8181818181818,2,Risque élevé / Valeur faible,Email automatisé de réengagement + relance à J+7,Enterprise,EdTech,47,9.824561403508772,33,4.0,5.0,1.0,,0.7272727272727273,560,0.7017543859649122,3.0
A-cb6cc6,0.5246,medium,374.57142857142856,2,Risque élevé / Valeur faible,Email automatisé de réengagement + relance à J+7,Basic,DevTools,13,8.971428571428572,21,3.0,3.5,0.0,,0.4285714285714285,314,0.7428571428571429,2.0
A-94d3da,0.5226,medium,1889.4166666666667,2,Risque élevé / Valeur faible,Email automatisé de réengagement + relance à J+7,Basic,HealthTech,41,9.666666666666666,29,6.0,3.5,0.0,139.0,0.6666666666666666,464,0.5208333333333334,4.0
A-a45270,0.5223,medium,1677.5833333333333,2,Risque élevé / Valeur faible,Email automatisé de réengagement + relance à J+7,Enterprise,HealthTech,3,10.32394366197183,35,4.0,4.0,0.0,8.0,0.75,733,0.7464788732394366,3.0
A-0532a9,0.5222,medium,1516.1,2,Risque élevé / Valeur faible,Email automatisé de réengagement + relance à J+7,Pro,FinTech,19,9.61111111111111,30,8.0,3.0,0.0,,0.5,519,0.5555555555555556,1.0
A-8ae3fc,0.5188,medium,555.875,2,Risque élevé / Valeur faible,Email automatisé de réengagement + relance à J+7,Pro,DevTools,9,10.307692307692308,26,4.0,3.5,0.0,,1.0,402,0.7692307692307693,4.0
A-c4ea60,0.5137,medium,1627.3333333333333,2,Risque élevé / Valeur faible,Email automatisé de réengagement + relance à J+7,Enterprise,FinTech,18,9.930232558139537,28,5.0,3.6,0.0,,0.7777777777777778,427,0.4186046511627907,1.0
A-019782,0.5134,medium,928.1111111111112,2,Risque élevé / Valeur faible,Email automatisé de réengagement + relance à J+7,Enterprise,DevTools,11,10.21818181818182,28,2.0,3.0,0.0,100.0,0.6666666666666666,562,0.5454545454545454,2.0
A-794a0b,0.5133,medium,1510.7142857142858,2,Risque élevé / Valeur faible,Email automatisé de réengagement + relance à J+7,Basic,HealthTech,23,9.13157894736842,28,0.0,,0.0,,0.7142857142857143,347,0.8157894736842105,0.0
A-e36807,0.5133,medium,1256.9,2,Risque élevé / Valeur faible,Email automatisé de réengagement + relance à J+7,Pro,EdTech,6,9.10204081632653,27,2.0,4.5,0.0,50.0,0.8,446,0.5510204081632653,1.0
A-40de06,0.512,medium,1803.875,2,Risque élevé / Valeur faible,Email automatisé de réengagement + relance à J+7,Enterprise,Cybersecurity,28,9.912087912087912,37,3.0,4.0,0.0,421.0,0.8125,902,0.4725274725274725,1.0
A-659280,0.5095,medium,1787.5,2,Risque élevé / Valeur faible,Email automatisé de réengagement + relance à J+7,Enterprise,FinTech,13,10.216666666666669,30,4.0,4.333333333333333,0.0,,0.25,613,0.5666666666666667,0.0
A-dfbd31,0.5075,medium,1791.357142857143,2,Risque élevé / Valeur faible,Email automatisé de réengagement + relance à J+7,Enterprise,DevTools,14,11.092592592592592,27,6.0,4.25,0.0,,0.7857142857142857,599,0.3518518518518518,3.0
A-00cac8,0.5071,medium,1569.0,2,Risque élevé / Valeur faible,Email automatisé de réengagement + relance à J+7,Enterprise,HealthTech,8,10.379310344827584,30,2.0,,0.0,,0.8888888888888888,602,0.5344827586206896,2.0
A-139c3b,0.5051,medium,1128.375,2,Risque élevé / Valeur faible,Email automatisé de réengagement + relance à J+7,Enterprise,HealthTech,10,10.863636363636363,27,9.0,4.5,0.0,27.0,0.75,478,0.3636363636363636,4.0
A-b9f5b1,0.5028,medium,1010.2857142857144,2,Risque élevé / Valeur faible,Email automatisé de réengagement + relance à J+7,Pro,Cybersecurity,15,10.233333333333333,21,6.0,3.333333333333333,1.0,148.0,0.7142857142857143,307,0.4,2.0
A-c16101,0.5012,medium,1242.2,2,Risque élevé / Valeur faible,Email automatisé de réengagement + relance à J+7,Basic,EdTech,7,10.2,31,4.0,5.0,1.0,,0.9,561,0.5272727272727272,4.0
A-c70870,0.4973,medium,5659.142857142857,3,Risque faible / Valeur élevée,"Surveiller, programme de fidélisation, ne pas déranger",Basic,Cybersecurity,31,9.823529411764708,23,5.0,4.0,0.0,,1.0,334,0.5294117647058824,1.0
A-78f02b,0.4958,medium,3770.25,3,Risque faible / Valeur élevée,"Surveiller, programme de fidélisation, ne pas déranger",Enterprise,HealthTech,11,10.55,17,4.0,4.0,0.0,,0.75,211,0.8,1.0
A-dbc825,0.4874,medium,2650.25,3,Risque faible / Valeur élevée,"Surveiller, programme de fidélisation, ne pas déranger",Enterprise,EdTech,19,10.13888888888889,34,6.0,4.0,1.0,106.25,0.875,730,0.8055555555555556,3.0
A-fabe19,0.4856,medium,2928.1428571428573,3,Risque faible / Valeur élevée,"Surveiller, programme de fidélisation, ne pas déranger",Enterprise,DevTools,1,10.212121212121213,20,3.0,4.0,0.0,10.0,0.4285714285714285,337,0.4848484848484848,3.0
A-e60f9d,0.4848,medium,3387.8,3,Risque faible / Valeur élevée,"Surveiller, programme de fidélisation, ne pas déranger",Basic,FinTech,29,10.14516129032258,30,2.0,,0.0,7.0,0.9333333333333332,629,0.3870967741935484,2.0
A-354f12,0.4798,medium,2222.25,3,Risque faible / Valeur élevée,"Surveiller, programme de fidélisation, ne pas déranger",Pro,FinTech,1,10.533333333333331,14,2.0,,0.0,,1.0,158,0.2,0.0
A-8b0451,0.4792,medium,3170.9,3,Risque faible / Valeur élevée,"Surveiller, programme de fidélisation, ne pas déranger",Enterprise,FinTech,41,10.1,32,7.0,3.5,0.0,43.0,0.8,606,0.75,5.0
A-bd4708,0.4751,medium,2998.076923076923,3,Risque faible / Valeur élevée,"Surveiller, programme de fidélisation, ne pas déranger",Pro,FinTech,37,10.203125,33,4.0,3.5,0.0,,0.6923076923076923,653,0.46875,2.0
A-9f9299,0.4722,medium,2826.866666666667,3,Risque faible / Valeur élevée,"Surveiller, programme de fidélisation, ne pas déranger",Enterprise,FinTech,28,9.764705882352942,37,5.0,5.0,0.0,183.0,0.6,830,0.6352941176470588,2.0
A-3a7284,0.4532,medium,2959.9166666666665,3,Risque faible / Valeur élevée,"Surveiller, programme de fidélisation, ne pas déranger",Enterprise,FinTech,31,10.15,33,3.0,3.5,0.0,7.0,0.9166666666666666,609,0.5,3.0
A-c222ab,0.4521,medium,2665.1428571428573,3,Risque faible / Valeur élevée,"Surveiller, programme de fidélisation, ne pas déranger",Pro,Cybersecurity,32,9.666666666666666,27,4.0,5.0,0.0,29.0,0.8571428571428571,435,0.7333333333333333,2.0
A-2d4502,0.4498,medium,2907.1,3,Risque faible / Valeur élevée,"Surveiller, programme de fidélisation, ne pas déranger",Basic,FinTech,7,9.893617021276595,29,3.0,5.0,0.0,,0.7,465,0.4042553191489361,2.0
A-4a4c2d,0.2559,low,2612.769230769231,3,Risque faible / Valeur élevée,"Surveiller, programme de fidélisation, ne pas déranger",Enterprise,DevTools,54,9.94915254237288,28,5.0,4.25,0.0,206.0,0.7692307692307693,587,0.6271186440677966,2.0
A-02fac6,0.2453,low,2400.909090909091,3,Risque faible / Valeur élevée,"Surveiller, programme de fidélisation, ne pas déranger",Pro,FinTech,22,9.69811320754717,32,6.0,4.0,0.0,,0.8181818181818182,514,0.6415094339622641,2.0
A-bcf87c,0.2415,low,1979.090909090909,3,Risque faible / Valeur élevée,"Surveiller, programme de fidélisation, ne pas déranger",Pro,FinTech,10,9.314814814814817,26,2.0,4.0,0.0,71.5,0.7272727272727273,503,0.3518518518518518,0.0
A-f97b9a,0.2414,low,2166.6363636363635,3,Risque faible / Valeur élevée,"Surveiller, programme de fidélisation, ne pas déranger",Pro,FinTech,16,10.017857142857142,29,7.0,3.6666666666666665,0.0,,0.7272727272727273,561,0.5892857142857143,3.0
A-e4bf56,0.2389,low,2703.714285714286,3,Risque faible / Valeur élevée,"Surveiller, programme de fidélisation, ne pas déranger",Pro,HealthTech,17,10.272727272727272,25,8.0,3.6666666666666665,0.0,17.0,0.5714285714285714,339,0.303030303030303,6.0
A-9badbd,0.2377,low,2498.230769230769,3,Risque faible / Valeur élevée,"Surveiller, programme de fidélisation, ne pas déranger",Enterprise,Cybersecurity,5,10.414285714285716,33,5.0,5.0,0.0,17.5,0.7692307692307693,729,0.6428571428571429,3.0
A-82861f,0.2363,low,4363.3,3,Risque faible / Valeur élevée,"Surveiller, programme de fidélisation, ne pas déranger",Basic,DevTools,41,9.24,28,5.0,3.2,0.0,76.66666666666667,0.8,462,0.86,2.0
A-6965e1,0.2342,low,2313.75,3,Risque faible / Valeur élevée,"Surveiller, programme de fidélisation, ne pas déranger",Basic,DevTools,13,10.627118644067796,27,3.0,3.0,0.0,,0.6666666666666666,627,0.4915254237288136,1.0
A-2d1036,0.226,low,4973.307692307692,3,Risque faible / Valeur élevée,"Surveiller, programme de fidélisation, ne pas déranger",Pro,FinTech,69,10.028985507246375,31,5.0,4.6,1.0,50.333333333333336,0.7692307692307693,692,0.5797101449275363,2.0
A-e08cd3,0.2254,low,6456.363636363636,3,Risque faible / Valeur élevée,"Surveiller, programme de fidélisation, ne pas déranger",Pro,FinTech,67,10.046511627906977,30,8.0,4.0,0.0,81.0,0.6363636363636364,432,0.4883720930232558,6.0
A-0651a4,0.2253,low,2970.9333333333334,3,Risque faible / Valeur élevée,"Surveiller, programme de fidélisation, ne pas déranger",Pro,HealthTech,16,10.217391304347826,34,4.0,4.0,0.0,2.0,0.8666666666666667,705,0.5362318840579711,4.0
A-65a46c,0.2239,low,2834.375,3,Risque faible / Valeur élevée,"Surveiller, programme de fidélisation, ne pas déranger",Pro,HealthTech,1,9.736842105263158,24,8.0,4.0,0.0,48.0,0.875,370,0.5526315789473685,6.0
A-c1dfe1,0.2226,low,3223.75,3,Risque faible / Valeur élevée,"Surveiller, programme de fidélisation, ne pas déranger",Pro,DevTools,26,9.615384615384617,24,3.0,4.0,0.0,143.0,0.625,375,0.7692307692307693,2.0
A-3793ee,0.2208,low,3815.0,3,Risque faible / Valeur élevée,"Surveiller, programme de fidélisation, ne pas déranger",Enterprise,Cybersecurity,49,9.263157894736842,25,4.0,4.0,0.0,320.0,0.8571428571428571,352,0.2894736842105263,1.0
A-d40bf7,0.2175,low,4324.7,3,Risque faible / Valeur élevée,"Surveiller, programme de fidélisation, ne pas déranger",Basic,FinTech,59,10.21818181818182,29,2.0,5.0,0.0,,0.6,562,0.4,2.0
A-de58ca,0.212,low,2173.181818181818,3,Risque faible / Valeur élevée,"Surveiller, programme de fidélisation, ne pas déranger",Enterprise,HealthTech,15,10.306122448979592,28,5.0,3.333333333333333,0.0,210.0,0.5454545454545454,505,0.673469387755102,1.0
A-4d1e75,0.2075,low,2414.6153846153848,3,Risque faible / Valeur élevée,"Surveiller, programme de fidélisation, ne pas déranger",Basic,DevTools,20,9.352941176470589,28,2.0,4.0,0.0,,0.6923076923076923,477,0.4901960784313725,0.0
A-68f37c,0.2065,low,2689.1666666666665,3,Risque faible / Valeur élevée,"Surveiller, programme de fidélisation, ne pas déranger",Basic,HealthTech,4,9.6,30,5.0,4.0,0.0,197.0,0.9166666666666666,624,0.6153846153846154,2.0
A-4c38bc,0.1996,low,3003.75,3,Risque faible / Valeur élevée,"Surveiller, programme de fidélisation, ne pas déranger",Basic,HealthTech,36,10.098765432098766,37,3.0,3.5,0.0,94.0,0.875,818,0.3333333333333333,2.0
A-1f7acb,0.1952,low,5864.0,3,Risque faible / Valeur élevée,"Surveiller, programme de fidélisation, ne pas déranger",Basic,FinTech,64,9.62264150943396,26,7.0,4.4,0.0,,0.75,510,0.8867924528301887,4.0
A-7e0a10,0.1948,low,4111.6,3,Risque faible / Valeur élevée,"Surveiller, programme de fidélisation, ne pas déranger",Enterprise,FinTech,46,10.22,34,5.0,4.0,0.0,,0.7,511,0.7,5.0
A-d922bf,0.1942,low,2444.8571428571427,3,Risque faible / Valeur élevée,"Surveiller, programme de fidélisation, ne pas déranger",Basic,HealthTech,5,10.21951219512195,24,7.0,3.333333333333333,1.0,50.0,1.0,419,0.4634146341463415,2.0
A-180abf,0.1935,low,4145.777777777777,3,Risque faible / Valeur élevée,"Surveiller, programme de fidélisation, ne pas déranger",Pro,DevTools,64,10.395833333333334,29,3.0,3.0,0.0,72.0,0.7777777777777778,499,0.5833333333333334,0.0
A-76fa4d,0.193,low,8812.285714285714,3,Risque faible / Valeur élevée,"Surveiller, programme de fidélisation, ne pas déranger",Pro,HealthTech,69,9.916666666666666,21,5.0,4.5,0.0,24.0,0.8571428571428571,357,0.5833333333333334,3.0
A-712f1c,0.1917,low,3583.25,3,Risque faible / Valeur élevée,"Surveiller, programme de fidélisation, ne pas déranger",Basic,DevTools,17,9.279411764705882,32,6.0,4.0,0.0,105.0,0.8333333333333334,631,0.5,3.0
A-c1e51e,0.1899,low,2390.5,3,Risque faible / Valeur élevée,"Surveiller, programme de fidélisation, ne pas déranger",Basic,FinTech,3,10.36,28,5.0,3.2,0.0,20.0,1.0,518,0.72,5.0
A-e98302,0.1893,low,2094.5,3,Risque faible / Valeur élevée,"Surveiller, programme de fidélisation, ne pas déranger",Enterprise,EdTech,16,9.1,21,9.0,4.142857142857143,0.0,5.0,0.8333333333333334,273,0.6,5.0
A-9a532a,0.1889,low,2736.25,3,Risque faible / Valeur élevée,"Surveiller, programme de fidélisation, ne pas déranger",Enterprise,HealthTech,11,10.27777777777778,16,2.0,,0.0,,1.0,185,0.8333333333333334,1.0
A-855a48,0.1887,low,3797.0,3,Risque faible / Valeur élevée,"Surveiller, programme de fidélisation, ne pas déranger",Pro,EdTech,14,10.181818181818182,26,5.0,3.6666666666666665,0.0,,0.375,448,0.3636363636363636,4.0
A-02cd81,0.1878,low,2354.0,3,Risque faible / Valeur élevée,"Surveiller, programme de fidélisation, ne pas déranger",Basic,HealthTech,44,9.5,31,3.0,4.5,1.0,35.0,0.7857142857142857,684,0.3888888888888889,2.0
A-7f6b86,0.1868,low,2155.777777777778,3,Risque faible / Valeur élevée,"Surveiller, programme de fidélisation, ne pas déranger",Basic,HealthTech,45,10.24390243902439,27,7.0,3.6666666666666665,0.0,60.0,0.7777777777777778,420,0.3414634146341463,6.0
A-2bc93d,0.1833,low,2491.846153846154,3,Risque faible / Valeur élevée,"Surveiller, programme de fidélisation, ne pas déranger",Basic,HealthTech,14,9.940298507462687,33,2.0,4.5,0.0,16.0,0.8461538461538461,666,0.4626865671641791,1.0
A-1619f8,0.1813,low,2827.1428571428573,3,Risque faible / Valeur élevée,"Surveiller, programme de fidélisation, ne pas déranger",Pro,DevTools,29,10.285714285714286,27,3.0,5.0,0.0,,0.7142857142857143,432,0.6190476190476191,1.0
A-eb7c38,0.1803,low,2547.333333333333,3,Risque faible / Valeur élevée,"Surveiller, programme de fidélisation, ne pas déranger",Enterprise,DevTools,5,9.9,33,5.0,4.333333333333333,0.0,91.75,0.6666666666666666,693,0.3857142857142857,2.0
A-65aeb5,0.1796,low,2866.0,3,Risque faible / Valeur élevée,"Surveiller, programme de fidélisation, ne pas déranger",Pro,DevTools,9,9.690909090909091,30,2.0,5.0,0.0,115.66666666666669,0.75,533,0.7272727272727273,1.0
A-2ebb4b,0.1793,low,3068.8,3,Risque faible / Valeur élevée,"Surveiller, programme de fidélisation, ne pas déranger",Basic,HealthTech,41,9.76,27,2.0,3.0,0.0,42.0,1.0,488,0.66,1.0
A-9174e0,0.1772,low,3598.4,3,Risque faible / Valeur élevée,"Surveiller, programme de fidélisation, ne pas déranger",Basic,Cybersecurity,37,9.985507246376812,34,2.0,5.0,0.0,7.0,0.8,689,0.8840579710144928,1.0
A-2446e3,0.1753,low,3448.285714285714,3,Risque faible / Valeur élevée,"Surveiller, programme de fidélisation, ne pas déranger",Pro,EdTech,27,10.333333333333334,28,3.0,4.0,0.0,,0.5714285714285714,496,0.6666666666666666,1.0
A-118f1c,0.1744,low,6520.0,3,Risque faible / Valeur élevée,"Surveiller, programme de fidélisation, ne pas déranger",Pro,Cybersecurity,32,9.710526315789474,22,1.0,3.0,0.0,6.0,0.625,369,0.3684210526315789,0.0
A-7dacce,0.1728,low,2305.7,3,Risque faible / Valeur élevée,"Surveiller, programme de fidélisation, ne pas déranger",Enterprise,Cybersecurity,12,9.833333333333334,27,4.0,3.6666666666666665,0.0,,0.7,472,0.6041666666666666,4.0
A-cdf020,0.1723,low,2259.0,3,Risque faible / Valeur élevée,"Surveiller, programme de fidélisation, ne pas déranger",Pro,DevTools,23,9.475,25,4.0,4.0,0.0,223.0,0.75,379,0.45,2.0
A-7cfe77,0.1698,low,2553.0,3,Risque faible / Valeur élevée,"Surveiller, programme de fidélisation, ne pas déranger",Pro,DevTools,69,10.789473684210526,16,7.0,3.5,0.0,,1.0,205,0.5789473684210527,3.0
A-10b8f2,0.1685,low,2559.9166666666665,3,Risque faible / Valeur élevée,"Surveiller, programme de fidélisation, ne pas déranger",Basic,HealthTech,47,10.0,29,3.0,4.333333333333333,0.0,,0.6666666666666666,560,0.4107142857142857,1.0
A-05f0e5,0.1671,low,4259.083333333333,3,Risque faible / Valeur élevée,"Surveiller, programme de fidélisation, ne pas déranger",Basic,FinTech,32,10.537313432835822,32,4.0,4.0,0.0,,0.8333333333333334,706,0.6865671641791045,2.0
A-fda07f,0.1661,low,2368.1666666666665,3,Risque faible / Valeur élevée,"Surveiller, programme de fidélisation, ne pas déranger",Basic,Cybersecurity,7,10.476923076923075,31,5.0,4.0,0.0,,0.8333333333333334,681,0.6,3.0
A-8adedc,0.1639,low,2023.4285714285716,3,Risque faible / Valeur élevée,"Surveiller, programme de fidélisation, ne pas déranger",Basic,EdTech,4,9.557377049180328,32,4.0,4.0,0.0,60.5,0.9285714285714286,583,0.5409836065573771,1.0
A-e51ec7,0.1632,low,3009.5,3,Risque faible / Valeur élevée,"Surveiller, programme de fidélisation, ne pas déranger",Enterprise,FinTech,2,10.425,26,3.0,5.0,0.0,27.0,0.75,417,0.45,1.0
A-b78bf8,0.1609,low,2802.875,3,Risque faible / Valeur élevée,"Surveiller, programme de fidélisation, ne pas déranger",Pro,DevTools,33,10.023809523809524,24,5.0,4.2,0.0,,1.0,421,0.2619047619047619,3.0
A-117171,0.1589,low,2403.0,3,Risque faible / Valeur élevée,"Surveiller, programme de fidélisation, ne pas déranger",Basic,HealthTech,45,9.904761904761903,15,6.0,3.6666666666666665,1.0,3.0,1.0,208,0.5238095238095238,2.0
A-0aaf6e,0.1553,low,2676.0,3,Risque faible / Valeur élevée,"Surveiller, programme de fidélisation, ne pas déranger",Enterprise,FinTech,3,10.508771929824562,25,5.0,4.0,0.0,8.0,0.6666666666666666,599,0.6842105263157895,1.0
A-c58f49,0.1525,low,10140.0,3,Risque faible / Valeur élevée,"Surveiller, programme de fidélisation, ne pas déranger",Enterprise,EdTech,70,9.552631578947368,24,3.0,5.0,1.0,,1.0,363,0.5789473684210527,2.0
A-92a3af,0.1512,low,3139.818181818182,3,Risque faible / Valeur élevée,"Surveiller, programme de fidélisation, ne pas déranger",Enterprise,Cybersecurity,25,10.656716417910449,35,4.0,4.0,1.0,,0.6363636363636364,714,0.8208955223880597,1.0
A-5b1bcd,0.1511,low,8886.533333333333,3,Risque faible / Valeur élevée,"Surveiller, programme de fidélisation, ne pas déranger",Pro,DevTools,73,10.104651162790695,34,4.0,4.5,0.0,406.0,0.8666666666666667,869,0.627906976744186,3.0
A-e4144b,0.1505,low,3542.4,3,Risque faible / Valeur élevée,"Surveiller, programme de fidélisation, ne pas déranger",Pro,EdTech,41,10.209302325581396,26,3.0,4.0,0.0,,0.8,439,0.4883720930232558,2.0
A-883b7d,0.1494,low,2543.6666666666665,3,Risque faible / Valeur élevée,"Surveiller, programme de fidélisation, ne pas déranger",Basic,Cybersecurity,17,9.757575757575758,35,7.0,3.6,1.0,136.0,0.75,644,0.6060606060606061,5.0
A-5a184f,0.1494,low,2068.3,3,Risque faible / Valeur élevée,"Surveiller, programme de fidélisation, ne pas déranger",Enterprise,DevTools,1,10.298245614035087,30,3.0,4.333333333333333,0.0,37.0,1.0,587,0.5087719298245614,1.0
A-7d514c,0.1492,low,2697.1111111111118,3,Risque faible / Valeur élevée,"Surveiller, programme de fidélisation, ne pas déranger",Enterprise,HealthTech,17,10.458333333333334,30,3.0,5.0,0.0,134.0,0.8888888888888888,502,0.625,2.0
A-f44180,0.1489,low,2617.090909090909,3,Risque faible / Valeur élevée,"Surveiller, programme de fidélisation, ne pas déranger",Pro,Cybersecurity,9,10.0,27,2.0,5.0,0.0,260.5,0.7272727272727273,520,0.4230769230769231,1.0
A-271f46,0.1485,low,2450.5,3,Risque faible / Valeur élevée,"Surveiller, programme de fidélisation, ne pas déranger",Pro,DevTools,38,9.81578947368421,25,1.0,,0.0,,1.0,373,0.4210526315789473,0.0
A-31ab9a,0.1478,low,2257.428571428572,3,Risque faible / Valeur élevée,"Surveiller, programme de fidélisation, ne pas déranger",Pro,FinTech,3,10.0,19,7.0,3.5,0.0,,0.8571428571428571,340,0.6764705882352942,3.0
A-f19409,0.1468,low,2844.6666666666665,3,Risque faible / Valeur élevée,"Surveiller, programme de fidélisation, ne pas déranger",Basic,DevTools,23,10.629032258064516,33,3.0,4.0,0.0,65.0,0.8333333333333334,659,0.5,1.0
A-71615e,0.1465,low,3131.769230769231,3,Risque faible / Valeur élevée,"Surveiller, programme de fidélisation, ne pas déranger",Basic,EdTech,15,10.0,29,1.0,,0.0,,0.7692307692307693,620,0.6612903225806451,0.0
A-b44e3e,0.1461,low,6217.285714285715,3,Risque faible / Valeur élevée,"Surveiller, programme de fidélisation, ne pas déranger",Basic,Cybersecurity,40,10.18421052631579,20,3.0,4.333333333333333,0.0,0.0,0.8571428571428571,387,0.3421052631578947,2.0
A-7f8241,0.1432,low,2634.4,3,Risque faible / Valeur élevée,"Surveiller, programme de fidélisation, ne pas déranger",Pro,EdTech,34,9.532467532467532,34,1.0,3.0,0.0,,0.6666666666666666,734,0.4935064935064935,0.0
A-49b828,0.1429,low,2222.0,3,Risque faible / Valeur élevée,"Surveiller, programme de fidélisation, ne pas déranger",Pro,FinTech,6,10.569230769230767,29,3.0,3.5,1.0,,0.9285714285714286,687,0.6923076923076923,0.0
A-034368,0.1426,low,2238.8,3,Risque faible / Valeur élevée,"Surveiller, programme de fidélisation, ne pas déranger",Enterprise,EdTech,19,9.464285714285714,20,5.0,4.0,0.0,,0.8,265,0.8928571428571429,2.0
A-812c5b,0.1377,low,2298.769230769231,3,Risque faible / Valeur élevée,"Surveiller, programme de fidélisation, ne pas déranger",Basic,DevTools,55,9.840909090909092,33,4.0,4.0,0.0,,0.9230769230769232,866,0.5227272727272727,3.0
A-700ade,0.1372,low,2109.375,3,Risque faible / Valeur élevée,"Surveiller, programme de fidélisation, ne pas déranger",Enterprise,Cybersecurity,1,9.79310344827586,20,4.0,4.666666666666667,0.0,29.0,0.625,284,0.6206896551724138,3.0
A-c16b88,0.1368,low,2259.777777777778,3,Risque faible / Valeur élevée,"Surveiller, programme de fidélisation, ne pas déranger",Enterprise,HealthTech,23,9.520833333333334,28,3.0,3.0,0.0,21.0,0.6666666666666666,457,0.5,2.0
A-ed510f,0.1344,low,3616.2,3,Risque faible / Valeur élevée,"Surveiller, programme de fidélisation, ne pas déranger",Basic,Cybersecurity,42,10.06122448979592,27,9.0,4.0,0.0,84.0,0.7,493,0.5714285714285714,4.0
A-bbc346,0.1343,low,2547.846153846154,3,Risque faible / Valeur élevée,"Surveiller, programme de fidélisation, ne pas déranger",Enterprise,FinTech,19,10.483870967741936,34,3.0,4.5,0.0,39.0,0.8461538461538461,650,0.5967741935483871,1.0
A-309e54,0.1342,low,2595.3636363636365,3,Risque faible / Valeur élevée,"Surveiller, programme de fidélisation, ne pas déranger",Pro,DevTools,15,9.788461538461538,28,5.0,3.0,0.0,1.0,1.0,509,0.4615384615384615,3.0
A-151c9a,0.1336,low,2850.0,3,Risque faible / Valeur élevée,"Surveiller, programme de fidélisation, ne pas déranger",Enterprise,FinTech,23,10.764705882352942,28,2.0,3.5,0.0,,0.8,366,0.4117647058823529,1.0
A-779e4e,0.1315,low,2808.1,3,Risque faible / Valeur élevée,"Surveiller, programme de fidélisation, ne pas déranger",Basic,HealthTech,5,8.931818181818182,28,5.0,4.0,0.0,318.5,0.9,393,0.4545454545454545,4.0
A-d4e0d4,0.1313,low,13806.0,3,Risque faible / Valeur élevée,"Surveiller, programme de fidélisation, ne pas déranger",Basic,FinTech,117,9.959183673469388,30,4.0,4.0,0.0,3.0,0.9,488,0.673469387755102,1.0
A-068fc6,0.131,low,2908.5,3,Risque faible / Valeur élevée,"Surveiller, programme de fidélisation, ne pas déranger",Enterprise,EdTech,35,10.135593220338984,32,5.0,4.333333333333333,0.0,9.0,0.9,598,0.4915254237288136,4.0
A-671f31,0.131,low,5064.166666666667,3,Risque faible / Valeur élevée,"Surveiller, programme de fidélisation, ne pas déranger",Basic,DevTools,59,9.823529411764708,13,7.0,4.2,0.0,,0.8333333333333334,167,0.9411764705882352,5.0
A-9f0b68,0.1301,low,2376.5,3,Risque faible / Valeur élevée,"Surveiller, programme de fidélisation, ne pas déranger",Basic,EdTech,10,10.128571428571428,36,3.0,3.0,0.0,,0.75,709,0.4714285714285714,2.0
A-ad296b,0.1298,low,3071.6666666666665,3,Risque faible / Valeur élevée,"Surveiller, programme de fidélisation, ne pas déranger",Pro,DevTools,38,9.483870967741936,24,3.0,3.6666666666666665,1.0,4.0,1.0,294,0.3870967741935484,2.0
A-427b69,0.1289,low,1995.8,3,Risque faible / Valeur élevée,"Surveiller, programme de fidélisation, ne pas déranger",Basic,FinTech,17,9.971428571428572,32,2.0,3.0,0.0,11.0,0.7,698,0.5142857142857142,1.0
A-3a5ad8,0.1288,low,2207.769230769231,3,Risque faible / Valeur élevée,"Surveiller, programme de fidélisation, ne pas déranger",Enterprise,HealthTech,9,9.73076923076923,27,4.0,4.5,0.0,,0.8461538461538461,506,0.4423076923076923,4.0
A-bb2f49,0.1287,low,2180.909090909091,3,Risque faible / Valeur élevée,"Surveiller, programme de fidélisation, ne pas déranger",Pro,Cybersecurity,8,10.3,31,3.0,4.0,0.0,350.0,0.9090909090909092,618,0.7,2.0
A-34d880,0.1274,low,2329.333333333333,3,Risque faible / Valeur élevée,"Surveiller, programme de fidélisation, ne pas déranger",Enterprise,Cybersecurity,4,10.085106382978724,29,5.0,3.0,0.0,38.0,0.6666666666666666,474,0.851063829787234,1.0
A-d62e02,0.1264,low,2132.4,3,Risque faible / Valeur élevée,"Surveiller, programme de fidélisation, ne pas déranger",Pro,Cybersecurity,6,10.117647058823527,25,1.0,4.0,0.0,,0.8,344,0.6764705882352942,1.0
A-18793f,0.1222,low,7144.363636363636,3,Risque faible / Valeur élevée,"Surveiller, programme de fidélisation, ne pas déranger",Basic,EdTech,148,10.125,30,5.0,3.8,0.0,9.0,0.8181818181818182,486,0.4166666666666667,2.0
A-4e631b,0.122,low,2218.0,3,Risque faible / Valeur élevée,"Surveiller, programme de fidélisation, ne pas déranger",Enterprise,FinTech,22,10.244897959183673,32,2.0,4.0,0.0,,0.7272727272727273,502,0.5918367346938775,1.0
A-462d45,0.1217,low,1952.6666666666667,3,Risque faible / Valeur élevée,"Surveiller, programme de fidélisation, ne pas déranger",Enterprise,Cybersecurity,11,9.304347826086955,34,4.0,4.0,0.0,75.5,0.8333333333333334,642,0.3768115942028985,3.0
A-09316c,0.1209,low,6363.636363636364,3,Risque faible / Valeur élevée,"Surveiller, programme de fidélisation, ne pas déranger",Enterprise,FinTech,70,10.48148148148148,28,4.0,3.75,1.0,,0.9090909090909092,566,0.5740740740740741,1.0
A-0dbdc6,0.1205,low,3141.4444444444443,3,Risque faible / Valeur élevée,"Surveiller, programme de fidélisation, ne pas déranger",Pro,Cybersecurity,30,9.846153846153848,32,4.0,5.0,0.0,,0.8888888888888888,512,0.5961538461538461,1.0
A-297a2d,0.1204,low,2874.6,3,Risque faible / Valeur élevée,"Surveiller, programme de fidélisation, ne pas déranger",Pro,HealthTech,27,9.76,23,2.0,3.0,0.0,,0.8,244,0.88,2.0
A-90a8c8,0.1203,low,3787.714285714286,3,Risque faible / Valeur élevée,"Surveiller, programme de fidélisation, ne pas déranger",Pro,FinTech,15,9.853658536585366,23,4.0,3.25,0.0,,0.7142857142857143,404,0.4878048780487805,2.0
A-ce550d,0.1201,low,5417.888888888889,3,Risque faible / Valeur élevée,"Surveiller, programme de fidélisation, ne pas déranger",Enterprise,HealthTech,35,9.982758620689657,32,7.0,3.8,1.0,4.5,0.6666666666666666,579,0.5344827586206896,4.0
A-acb7f7,0.1195,low,2714.5,3,Risque faible / Valeur élevée,"Surveiller, programme de fidélisation, ne pas déranger",Basic,EdTech,32,9.870967741935484,33,3.0,3.5,0.0,,0.8333333333333334,612,0.5806451612903226,1.0
A-b179bf,0.1187,low,3586.2,3,Risque faible / Valeur élevée,"Surveiller, programme de fidélisation, ne pas déranger",Basic,Cybersecurity,43,10.205128205128204,23,6.0,4.0,0.0,,1.0,398,0.4615384615384615,4.0
A-0baac2,0.1173,low,3083.333333333333,3,Risque faible / Valeur élevée,"Surveiller, programme de fidélisation, ne pas déranger",Enterprise,FinTech,14,9.61904761904762,19,6.0,4.333333333333333,0.0,52.0,1.0,202,0.4285714285714285,4.0
A-4e960a,0.1164,low,1995.1666666666667,3,Risque faible / Valeur élevée,"Surveiller, programme de fidélisation, ne pas déranger",Enterprise,FinTech,12,10.448979591836734,29,6.0,4.0,0.0,,0.9166666666666666,512,0.4285714285714285,3.0
A-66224b,0.1163,low,5765.333333333333,3,Risque faible / Valeur élevée,"Surveiller, programme de fidélisation, ne pas déranger",Pro,HealthTech,92,10.262295081967212,34,6.0,3.5,0.0,8.0,0.75,626,0.4754098360655737,3.0
A-aa9511,0.1154,low,4064.6666666666665,3,Risque faible / Valeur élevée,"Surveiller, programme de fidélisation, ne pas déranger",Pro,DevTools,23,9.615384615384617,33,2.0,4.0,0.0,48.0,0.8666666666666667,625,0.5384615384615384,2.0
A-a1b80b,0.1153,low,2161.8125,3,Risque faible / Valeur élevée,"Surveiller, programme de fidélisation, ne pas déranger",Basic,HealthTech,16,10.40277777777778,33,4.0,4.0,0.0,80.0,0.75,749,0.6666666666666666,1.0
A-5ed98d,0.111,low,1934.75,3,Risque faible / Valeur élevée,"Surveiller, programme de fidélisation, ne pas déranger",Basic,DevTools,24,9.75,23,5.0,5.0,0.0,,0.875,312,0.5625,2.0
A-5c046d,0.1099,low,10485.75,3,Risque faible / Valeur élevée,"Surveiller, programme de fidélisation, ne pas déranger",Basic,EdTech,93,10.326086956521738,27,1.0,3.0,0.0,,0.75,475,0.5,0.0
A-cc98bc,0.1099,low,2156.7,3,Risque faible / Valeur élevée,"Surveiller, programme de fidélisation, ne pas déranger",Basic,DevTools,32,10.39622641509434,29,3.0,4.0,0.0,51.0,0.9,551,0.4528301886792453,1.0
A-c37cab,0.109,low,2452.75,3,Risque faible / Valeur élevée,"Surveiller, programme de fidélisation, ne pas déranger",Pro,Cybersecurity,13,10.114285714285714,32,4.0,3.75,1.0,59.5,0.9166666666666666,708,0.5714285714285714,2.0
A-118d55,0.1089,low,1993.25,3,Risque faible / Valeur élevée,"Surveiller, programme de fidélisation, ne pas déranger",Basic,Cybersecurity,8,9.983333333333333,29,5.0,4.333333333333333,0.0,1.0,0.75,599,0.55,1.0
A-432483,0.1083,low,2868.1111111111118,3,Risque faible / Valeur élevée,"Surveiller, programme de fidélisation, ne pas déranger",Pro,Cybersecurity,4,10.022222222222222,25,1.0,,0.0,164.66666666666666,0.7777777777777778,451,0.6222222222222222,1.0
A-5790f4,0.1082,low,3154.333333333333,3,Risque faible / Valeur élevée,"Surveiller, programme de fidélisation, ne pas déranger",Pro,FinTech,1,9.17142857142857,25,4.0,4.0,1.0,3.0,0.5,321,0.7428571428571429,1.0
A-ccabf0,0.1076,low,2237.9,3,Risque faible / Valeur élevée,"Surveiller, programme de fidélisation, ne pas déranger",Pro,HealthTech,1,10.12,31,4.0,3.6666666666666665,0.0,82.5,0.9,506,0.58,2.0
A-b48f73,0.1073,low,4045.714285714286,3,Risque faible / Valeur élevée,"Surveiller, programme de fidélisation, ne pas déranger",Pro,EdTech,80,9.363636363636363,24,3.0,4.0,0.0,,0.5714285714285714,412,0.5227272727272727,2.0
A-adc1f3,0.1069,low,2956.4444444444443,3,Risque faible / Valeur élevée,"Surveiller, programme de fidélisation, ne pas déranger",Pro,Cybersecurity,2,9.27777777777778,24,3.0,3.5,0.0,12.0,0.7777777777777778,334,0.7222222222222222,2.0
A-09540c,0.106,low,3953.0,3,Risque faible / Valeur élevée,"Surveiller, programme de fidélisation, ne pas déranger",Basic,Cybersecurity,67,10.607142857142858,20,2.0,4.5,0.0,118.0,0.8333333333333334,297,0.5714285714285714,1.0
A-3d957b,0.1048,low,1975.3333333333333,3,Risque faible / Valeur élevée,"Surveiller, programme de fidélisation, ne pas déranger",Pro,HealthTech,14,9.533333333333331,13,3.0,3.0,0.0,71.0,0.6666666666666666,143,0.8666666666666667,3.0
A-96e141,0.1046,low,2209.714285714286,3,Risque faible / Valeur élevée,"Surveiller, programme de fidélisation, ne pas déranger",Basic,DevTools,14,9.61111111111111,26,5.0,4.333333333333333,0.0,12.0,1.0,346,0.5277777777777778,3.0
A-f5641b,0.1021,low,3912.0,3,Risque faible / Valeur élevée,"Surveiller, programme de fidélisation, ne pas déranger",Pro,EdTech,31,11.23076923076923,27,4.0,3.0,1.0,92.0,0.6,438,0.4615384615384615,3.0
A-b7b7b7,0.1017,low,2379.833333333333,3,Risque faible / Valeur élevée,"Surveiller, programme de fidélisation, ne pas déranger",Basic,FinTech,24,10.38181818181818,31,3.0,5.0,0.0,,0.9166666666666666,571,0.4727272727272727,0.0
A-9123ac,0.1015,low,2107.285714285714,3,Risque faible / Valeur élevée,"Surveiller, programme de fidélisation, ne pas déranger",Pro,Cybersecurity,9,10.432432432432432,28,6.0,4.2,0.0,,1.0,386,0.6486486486486487,3.0
A-956988,0.1009,low,2262.076923076923,3,Risque faible / Valeur élevée,"Surveiller, programme de fidélisation, ne pas déranger",Enterprise,EdTech,1,9.4,32,2.0,3.0,0.0,9.0,0.7692307692307693,658,0.7,1.0
A-ac85cd,0.1004,low,3438.9166666666665,3,Risque faible / Valeur élevée,"Surveiller, programme de fidélisation, ne pas déranger",Enterprise,EdTech,53,10.063492063492063,30,3.0,3.5,0.0,42.0,0.9166666666666666,634,0.4603174603174603,0.0
A-19b2c8,0.0988,low,2054.076923076923,3,Risque faible / Valeur élevée,"Surveiller, programme de fidélisation, ne pas déranger",Pro,DevTools,20,9.53968253968254,31,3.0,4.666666666666667,0.0,,0.6923076923076923,601,0.5396825396825397,1.0
A-5a215a,0.0967,low,7230.666666666667,3,Risque faible / Valeur élevée,"Surveiller, programme de fidélisation, ne pas déranger",Enterprise,EdTech,87,10.0875,32,4.0,4.0,0.0,98.66666666666669,0.8333333333333334,807,0.8875,2.0
A-484819,0.0961,low,2575.5,3,Risque faible / Valeur élevée,"Surveiller, programme de fidélisation, ne pas déranger",Pro,HealthTech,18,10.181818181818182,22,5.0,4.5,0.0,232.0,0.875,336,0.6060606060606061,3.0
A-756192,0.0954,low,2140.0,3,Risque faible / Valeur élevée,"Surveiller, programme de fidélisation, ne pas déranger",Basic,FinTech,19,9.640625,32,3.0,4.0,0.0,,0.8,617,0.671875,2.0
A-89ee83,0.0951,low,2264.2727272727275,3,Risque faible / Valeur élevée,"Surveiller, programme de fidélisation, ne pas déranger",Pro,Cybersecurity,1,9.576271186440678,28,5.0,4.0,1.0,6.5,1.0,565,0.4406779661016949,2.0
A-f03140,0.0948,low,2107.5,3,Risque faible / Valeur élevée,"Surveiller, programme de fidélisation, ne pas déranger",Pro,DevTools,27,10.43859649122807,32,7.0,3.6666666666666665,0.0,,0.8,595,0.3859649122807017,3.0
A-67be94,0.0932,low,3132.8571428571427,3,Risque faible / Valeur élevée,"Surveiller, programme de fidélisation, ne pas déranger",Enterprise,EdTech,26,9.904761904761903,26,5.0,4.0,0.0,154.0,0.8571428571428571,416,0.4047619047619047,5.0
A-716841,0.0929,low,3279.25,3,Risque faible / Valeur élevée,"Surveiller, programme de fidélisation, ne pas déranger",Pro,FinTech,45,10.117647058823527,26,5.0,4.0,0.0,,1.0,344,0.3823529411764705,0.0
A-3b37d9,0.0915,low,2776.428571428572,3,Risque faible / Valeur élevée,"Surveiller, programme de fidélisation, ne pas déranger",Enterprise,FinTech,23,10.488372093023257,26,5.0,4.5,0.0,380.0,0.8571428571428571,451,0.4883720930232558,2.0
A-a6d261,0.0873,low,2727.928571428572,3,Risque faible / Valeur élevée,"Surveiller, programme de fidélisation, ne pas déranger",Pro,FinTech,9,9.952380952380953,36,4.0,4.666666666666667,1.0,214.0,0.9285714285714286,627,0.4603174603174603,1.0
A-35083d,0.087,low,2027.0625,3,Risque faible / Valeur élevée,"Surveiller, programme de fidélisation, ne pas déranger",Basic,HealthTech,19,10.98611111111111,29,4.0,5.0,0.0,53.0,0.875,791,0.5138888888888888,3.0
A-80eeb6,0.0867,low,4280.5625,3,Risque faible / Valeur élevée,"Surveiller, programme de fidélisation, ne pas déranger",Enterprise,Cybersecurity,22,9.539473684210526,38,4.0,3.6666666666666665,1.0,221.33333333333331,0.9375,725,0.5657894736842105,3.0
A-e43bf7,0.0861,low,6666.571428571428,3,Risque faible / Valeur élevée,"Surveiller, programme de fidélisation, ne pas déranger",Pro,Cybersecurity,44,9.275,26,5.0,4.0,1.0,,0.8571428571428571,371,0.875,2.0
A-1986ca,0.0851,low,3951.571428571429,3,Risque faible / Valeur élevée,"Surveiller, programme de fidélisation, ne pas déranger",Pro,HealthTech,20,9.783783783783784,26,7.0,3.4,0.0,,0.5714285714285714,362,0.6216216216216216,5.0
A-bb1eaa,0.0834,low,2076.2,3,Risque faible / Valeur élevée,"Surveiller, programme de fidélisation, ne pas déranger",Basic,Cybersecurity,21,9.647058823529411,15,6.0,4.5,0.0,,1.0,164,0.4117647058823529,5.0
A-854864,0.0798,low,2459.833333333333,3,Risque faible / Valeur élevée,"Surveiller, programme de fidélisation, ne pas déranger",Enterprise,FinTech,20,10.333333333333334,17,5.0,4.8,0.0,3.0,0.8333333333333334,248,0.4166666666666667,2.0
A-eb2fdc,0.0795,low,2664.0,3,Risque faible / Valeur élevée,"Surveiller, programme de fidélisation, ne pas déranger",Enterprise,DevTools,31,10.12962962962963,29,5.0,4.5,0.0,117.0,0.8333333333333334,547,0.3148148148148148,0.0
A-4c56c9,0.0771,low,2343.923076923077,3,Risque faible / Valeur élevée,"Surveiller, programme de fidélisation, ne pas déranger",Enterprise,FinTech,9,9.734375,34,5.0,3.75,0.0,56.66666666666666,0.7692307692307693,623,0.59375,2.0
A-149a69,0.0755,low,2686.0,3,Risque faible / Valeur élevée,"Surveiller, programme de fidélisation, ne pas déranger",Basic,DevTools,34,11.555555555555555,18,8.0,4.2,0.0,,0.3333333333333333,208,0.5,5.0
A-bece89,0.0706,low,3208.333333333333,3,Risque faible / Valeur élevée,"Surveiller, programme de fidélisation, ne pas déranger",Pro,Cybersecurity,26,9.263157894736842,16,4.0,4.0,1.0,,0.6666666666666666,176,0.6842105263157895,2.0
A-0f6450,0.0699,low,2163.6363636363635,3,Risque faible / Valeur élevée,"Surveiller, programme de fidélisation, ne pas déranger",Pro,FinTech,28,9.98148148148148,31,8.0,3.8333333333333335,1.0,,0.7272727272727273,539,0.7222222222222222,1.0
A-ad3abd,0.0661,low,2413.714285714286,3,Risque faible / Valeur élevée,"Surveiller, programme de fidélisation, ne pas déranger",Pro,FinTech,44,10.20689655172414,20,3.0,3.0,0.0,227.33333333333331,0.7142857142857143,296,0.3793103448275862,2.0
A-f25509,0.0647,low,3224.4,3,Risque faible / Valeur élevée,"Surveiller, programme de fidélisation, ne pas déranger",Enterprise,EdTech,32,9.956521739130435,17,6.0,4.666666666666667,0.0,,0.8,229,0.6521739130434783,4.0
A-fb186e,0.0635,low,1923.6666666666667,3,Risque faible / Valeur élevée,"Surveiller, programme de fidélisation, ne pas déranger",Basic,EdTech,29,10.35,15,6.0,3.6666666666666665,0.0,,0.6666666666666666,207,0.35,2.0
A-d5a319,0.0623,low,3153.9166666666665,3,Risque faible / Valeur élevée,"Surveiller, programme de fidélisation, ne pas déranger",Enterprise,FinTech,15,10.23728813559322,32,1.0,4.0,1.0,,0.8333333333333334,604,0.7288135593220338,0.0
A-5c9849,0.0618,low,4083.8888888888887,3,Risque faible / Valeur élevée,"Surveiller, programme de fidélisation, ne pas déranger",Basic,EdTech,19,10.282608695652174,30,4.0,,1.0,15.0,0.7777777777777778,473,0.5,2.0
A-3f9cc0,0.0539,low,2848.5714285714284,3,Risque faible / Valeur élevée,"Surveiller, programme de fidélisation, ne pas déranger",Basic,HealthTech,22,9.69047619047619,25,5.0,4.5,1.0,,0.7142857142857143,407,0.5714285714285714,3.0
A-fd9422,0.0521,low,3125.555555555556,3,Risque faible / Valeur élevée,"Surveiller, programme de fidélisation, ne pas déranger",Pro,Cybersecurity,58,10.363636363636363,27,6.0,3.5,1.0,38.0,0.7777777777777778,456,0.4772727272727273,3.0
A-038089,0.4988,medium,701.3333333333334,4,Risque faible / Valeur faible,Aucune action prioritaire,Pro,DevTools,5,10.5,15,6.0,3.6666666666666665,0.0,,1.0,210,0.75,2.0
A-81edc3,0.4957,medium,1460.3333333333333,4,Risque faible / Valeur faible,Aucune action prioritaire,Basic,Cybersecurity,5,10.33783783783784,33,3.0,4.0,0.0,,0.6666666666666666,765,0.5540540540540541,3.0
A-7988d1,0.4879,medium,1188.0,4,Risque faible / Valeur faible,Aucune action prioritaire,Basic,Cybersecurity,33,9.76086956521739,31,3.0,4.333333333333333,0.0,49.0,0.7777777777777778,449,0.6086956521739131,2.0
A-f17767,0.4775,medium,1152.7857142857142,4,Risque faible / Valeur faible,Aucune action prioritaire,Enterprise,DevTools,1,10.333333333333334,35,3.0,4.0,1.0,108.0,0.9285714285714286,713,0.5507246376811594,2.0
A-fce879,0.4666,medium,1359.4,4,Risque faible / Valeur faible,Aucune action prioritaire,Pro,EdTech,10,11.074074074074074,25,2.0,4.0,0.0,,1.0,299,0.5185185185185185,1.0
A-2f6a32,0.4647,medium,683.0,4,Risque faible / Valeur faible,Aucune action prioritaire,Basic,HealthTech,19,9.909090909090908,32,2.0,3.5,0.0,30.0,1.0,654,0.696969696969697,0.0
A-439b2f,0.4597,medium,299.3333333333333,4,Risque faible / Valeur faible,Aucune action prioritaire,Enterprise,DevTools,1,8.55,14,3.0,,0.0,32.0,0.8333333333333334,171,0.25,2.0
A-c42f1f,0.4464,medium,646.875,4,Risque faible / Valeur faible,Aucune action prioritaire,Pro,HealthTech,8,9.628571428571428,24,9.0,4.0,1.0,59.0,0.75,337,0.5714285714285714,4.0
A-3c1a3f,0.257,low,1242.4166666666667,4,Risque faible / Valeur faible,Aucune action prioritaire,Pro,DevTools,1,9.745098039215684,31,4.0,3.5,0.0,157.0,0.8333333333333334,497,0.4313725490196078,1.0
A-54ecc2,0.2467,low,1469.8181818181818,4,Risque faible / Valeur faible,Aucune action prioritaire,Enterprise,Cybersecurity,4,10.839285714285714,28,5.0,5.0,0.0,,0.9090909090909092,607,0.6964285714285714,2.0
A-3be56b,0.2418,low,1420.0,4,Risque faible / Valeur faible,Aucune action prioritaire,Pro,HealthTech,3,9.6,28,4.0,3.5,0.0,63.0,0.75,528,0.6,0.0
A-d82ef9,0.2376,low,1023.3571428571428,4,Risque faible / Valeur faible,Aucune action prioritaire,Basic,EdTech,26,9.985294117647058,32,5.0,4.25,1.0,126.0,0.6428571428571429,679,0.6764705882352942,3.0
A-af0cd2,0.2367,low,587.2727272727273,4,Risque faible / Valeur faible,Aucune action prioritaire,Enterprise,Cybersecurity,19,9.814285714285717,31,3.0,,0.0,284.5,0.8181818181818182,687,0.4714285714285714,1.0
A-692f18,0.2366,low,1797.0588235294117,4,Risque faible / Valeur faible,Aucune action prioritaire,Basic,EdTech,5,10.011494252873565,36,2.0,5.0,0.0,2.0,0.7058823529411765,871,0.632183908045977,1.0
A-7da956,0.2323,low,913.5833333333334,4,Risque faible / Valeur faible,Aucune action prioritaire,Pro,Cybersecurity,13,10.647058823529411,28,3.0,5.0,0.0,67.5,0.9166666666666666,543,0.6862745098039216,1.0
A-22f2df,0.2298,low,827.8888888888889,4,Risque faible / Valeur faible,Aucune action prioritaire,Basic,DevTools,3,10.214285714285714,25,5.0,5.0,0.0,,0.7777777777777778,429,0.4047619047619047,5.0
A-ef84cf,0.2176,low,1501.4,4,Risque faible / Valeur faible,Aucune action prioritaire,Enterprise,EdTech,8,11.035714285714286,21,5.0,4.333333333333333,1.0,68.0,0.6,309,0.3928571428571428,2.0
A-b30291,0.2163,low,537.5,4,Risque faible / Valeur faible,Aucune action prioritaire,Basic,HealthTech,5,10.8125,26,1.0,,0.0,37.0,1.0,519,0.6458333333333334,1.0
A-ae052e,0.2137,low,1282.1666666666667,4,Risque faible / Valeur faible,Aucune action prioritaire,Basic,FinTech,39,10.344827586206897,24,4.0,4.0,0.0,112.33333333333331,1.0,300,0.4137931034482758,2.0
A-f45426,0.2135,low,1571.7272727272727,4,Risque faible / Valeur faible,Aucune action prioritaire,Basic,HealthTech,9,10.229508196721312,33,3.0,4.0,0.0,22.0,0.7272727272727273,624,0.8032786885245902,2.0
A-5247b3,0.2113,low,1071.909090909091,4,Risque faible / Valeur faible,Aucune action prioritaire,Pro,FinTech,16,10.166666666666666,32,5.0,4.0,0.0,158.0,0.9090909090909092,610,0.4833333333333333,4.0
A-c7e58b,0.2021,low,769.1428571428571,4,Risque faible / Valeur faible,Aucune action prioritaire,Pro,HealthTech,3,10.088235294117649,22,5.0,3.5,0.0,,0.5714285714285714,343,0.5294117647058824,2.0
A-f1f639,0.2016,low,729.75,4,Risque faible / Valeur faible,Aucune action prioritaire,Basic,EdTech,2,9.928571428571429,12,7.0,4.8,0.0,,1.0,139,0.7142857142857143,4.0
A-6c093d,0.1995,low,1353.5,4,Risque faible / Valeur faible,Aucune action prioritaire,Basic,DevTools,7,10.46875,30,3.0,5.0,1.0,179.0,0.8333333333333334,670,0.46875,2.0
A-b54c01,0.1993,low,848.25,4,Risque faible / Valeur faible,Aucune action prioritaire,Enterprise,DevTools,29,9.826086956521738,15,5.0,3.0,0.0,,0.75,226,0.7391304347826086,1.0
A-712533,0.1981,low,1615.1666666666667,4,Risque faible / Valeur faible,Aucune action prioritaire,Pro,EdTech,18,10.38181818181818,32,5.0,3.75,0.0,,0.9166666666666666,571,0.6363636363636364,2.0
A-157070,0.1949,low,1719.125,4,Risque faible / Valeur faible,Aucune action prioritaire,Pro,FinTech,16,9.80281690140845,37,3.0,3.0,1.0,80.5,0.875,696,0.3661971830985915,1.0
A-425e76,0.1933,low,1555.5454545454545,4,Risque faible / Valeur faible,Aucune action prioritaire,Enterprise,DevTools,8,9.125,29,5.0,3.333333333333333,1.0,75.0,0.9090909090909092,438,0.5,3.0
A-544d0a,0.1928,low,1849.2,4,Risque faible / Valeur faible,Aucune action prioritaire,Basic,DevTools,2,10.851063829787234,27,2.0,4.0,1.0,,0.7,510,0.4680851063829787,1.0
A-9bfc9f,0.1909,low,1704.6666666666667,4,Risque faible / Valeur faible,Aucune action prioritaire,Pro,DevTools,53,10.16216216216216,23,6.0,3.333333333333333,1.0,107.0,0.8888888888888888,376,0.4864864864864865,3.0
A-9c18c4,0.1904,low,1782.3,4,Risque faible / Valeur faible,Aucune action prioritaire,Pro,HealthTech,11,9.928571428571429,30,4.0,4.0,0.0,304.5,0.9,556,0.6607142857142857,2.0
A-1b707d,0.1901,low,1166.5,4,Risque faible / Valeur faible,Aucune action prioritaire,Enterprise,Cybersecurity,1,10.5,27,3.0,,0.0,72.0,0.625,399,0.3157894736842105,0.0
A-503d5a,0.1888,low,1490.3333333333333,4,Risque faible / Valeur faible,Aucune action prioritaire,Enterprise,FinTech,4,10.254237288135592,34,9.0,4.0,0.0,,0.8333333333333334,605,0.5423728813559322,4.0
A-43a9e3,0.1842,low,1250.5,4,Risque faible / Valeur faible,Aucune action prioritaire,Basic,FinTech,18,10.142857142857142,23,3.0,4.0,0.0,,0.75,355,0.4,2.0
A-5f2961,0.181,low,1471.2857142857142,4,Risque faible / Valeur faible,Aucune action prioritaire,Basic,HealthTech,4,9.666666666666666,22,1.0,,0.0,,0.8571428571428571,348,0.5277777777777778,1.0
A-51ec1b,0.1805,low,1847.8333333333333,4,Risque faible / Valeur faible,Aucune action prioritaire,Enterprise,DevTools,7,10.107142857142858,19,3.0,5.0,1.0,46.5,0.8333333333333334,283,0.4285714285714285,1.0
A-87aa7b,0.1799,low,1430.0625,4,Risque faible / Valeur faible,Aucune action prioritaire,Pro,HealthTech,24,10.305555555555555,31,3.0,,1.0,,0.8125,742,0.4861111111111111,2.0
A-e888d1,0.1764,low,1240.5454545454545,4,Risque faible / Valeur faible,Aucune action prioritaire,Pro,Cybersecurity,14,10.615384615384617,31,5.0,4.0,1.0,271.0,0.7272727272727273,552,0.6923076923076923,3.0
A-d26ab4,0.175,low,1845.888888888889,4,Risque faible / Valeur faible,Aucune action prioritaire,Basic,DevTools,9,9.956521739130435,24,2.0,4.0,0.0,17.0,0.7777777777777778,458,0.5217391304347826,1.0
A-59f724,0.1735,low,814.4166666666666,4,Risque faible / Valeur faible,Aucune action prioritaire,Enterprise,HealthTech,3,10.235294117647058,33,4.0,4.25,0.0,,0.75,696,0.6911764705882353,3.0
A-1f559b,0.1726,low,1175.6,4,Risque faible / Valeur faible,Aucune action prioritaire,Enterprise,HealthTech,5,10.0,29,5.0,4.2,0.0,132.0,0.6,400,0.675,4.0
A-9208f0,0.171,low,438.875,4,Risque faible / Valeur faible,Aucune action prioritaire,Pro,EdTech,1,10.150943396226417,29,8.0,3.333333333333333,1.0,187.0,0.875,538,0.5849056603773585,1.0
A-22d9d2,0.1707,low,1339.0,4,Risque faible / Valeur faible,Aucune action prioritaire,Pro,DevTools,8,10.426666666666666,35,6.0,4.0,1.0,95.0,0.7857142857142857,782,0.5733333333333334,4.0
A-089363,0.1672,low,1507.428571428571,4,Risque faible / Valeur faible,Aucune action prioritaire,Basic,FinTech,2,10.295081967213116,30,3.0,3.6666666666666665,0.0,24.0,0.5714285714285714,628,0.5409836065573771,1.0
A-c43359,0.1653,low,1539.0,4,Risque faible / Valeur faible,Aucune action prioritaire,Pro,FinTech,38,9.808510638297872,28,3.0,4.0,0.0,17.0,1.0,461,0.6808510638297872,3.0
A-ced9aa,0.1649,low,568.3636363636364,4,Risque faible / Valeur faible,Aucune action prioritaire,Enterprise,DevTools,3,9.654545454545454,33,7.0,3.0,0.0,9.0,1.0,531,0.7090909090909091,2.0
A-798a3f,0.162,low,1572.4444444444443,4,Risque faible / Valeur faible,Aucune action prioritaire,Enterprise,DevTools,12,9.513513513513514,19,5.0,4.0,0.0,190.0,0.7777777777777778,352,0.5135135135135135,5.0
A-4ae22a,0.1616,low,1347.428571428571,4,Risque faible / Valeur faible,Aucune action prioritaire,Pro,EdTech,6,10.542857142857144,24,3.0,3.0,0.0,139.0,0.8571428571428571,369,0.8857142857142857,1.0
A-e2cd1b,0.1595,low,1394.2222222222222,4,Risque faible / Valeur faible,Aucune action prioritaire,Enterprise,DevTools,15,9.489795918367347,29,5.0,4.0,0.0,,1.0,465,0.3673469387755102,3.0
A-6da850,0.1583,low,1159.9375,4,Risque faible / Valeur faible,Aucune action prioritaire,Pro,FinTech,5,10.2,30,5.0,4.0,0.0,27.33333333333333,0.75,714,0.7714285714285715,2.0
A-cab532,0.1572,low,1339.2,4,Risque faible / Valeur faible,Aucune action prioritaire,Pro,DevTools,11,9.950495049504951,38,1.0,4.0,0.0,407.0,0.9333333333333332,1005,0.4653465346534653,0.0
A-1ac5e0,0.1551,low,1824.9,4,Risque faible / Valeur faible,Aucune action prioritaire,Basic,DevTools,33,9.964285714285714,31,7.0,3.8,0.0,,0.5,558,0.5535714285714286,4.0
A-6f50ae,0.1548,low,1900.571428571429,4,Risque faible / Valeur faible,Aucune action prioritaire,Pro,FinTech,19,9.771084337349398,35,5.0,4.5,0.0,,0.6428571428571429,811,0.5783132530120482,2.0
A-fe79a5,0.1544,low,1353.2,4,Risque faible / Valeur faible,Aucune action prioritaire,Basic,HealthTech,9,10.151515151515152,22,4.0,5.0,0.0,117.0,0.9,335,0.5151515151515151,2.0
A-0a282f,0.1536,low,1219.0666666666666,4,Risque faible / Valeur faible,Aucune action prioritaire,Basic,DevTools,1,9.89156626506024,34,3.0,4.666666666666667,0.0,35.666666666666664,1.0,821,0.5783132530120482,1.0
A-558c72,0.1535,low,1310.142857142857,4,Risque faible / Valeur faible,Aucune action prioritaire,Basic,FinTech,12,9.866666666666667,19,4.0,4.5,1.0,18.0,0.8571428571428571,296,0.5333333333333333,2.0
A-34ea2f,0.152,low,1215.25,4,Risque faible / Valeur faible,Aucune action prioritaire,Enterprise,HealthTech,8,9.649122807017545,29,8.0,3.8,0.0,44.0,0.6666666666666666,550,0.5263157894736842,3.0
A-ff3c73,0.15,low,481.6666666666667,4,Risque faible / Valeur faible,Aucune action prioritaire,Pro,HealthTech,21,10.2,29,2.0,3.5,0.0,57.0,0.7777777777777778,408,0.575,1.0
A-a8b49c,0.1498,low,963.9166666666666,4,Risque faible / Valeur faible,Aucune action prioritaire,Basic,Cybersecurity,7,10.092592592592592,27,1.0,4.0,0.0,,0.9166666666666666,545,0.7962962962962963,0.0
A-7c4956,0.1496,low,426.125,4,Risque faible / Valeur faible,Aucune action prioritaire,Enterprise,DevTools,5,10.555555555555555,27,3.0,4.0,0.0,196.33333333333331,0.75,475,0.8888888888888888,2.0
A-c608c8,0.1489,low,1189.25,4,Risque faible / Valeur faible,Aucune action prioritaire,Pro,DevTools,3,10.348837209302326,29,2.0,3.0,0.0,22.0,0.75,445,0.627906976744186,0.0
A-32728c,0.1478,low,562.25,4,Risque faible / Valeur faible,Aucune action prioritaire,Pro,DevTools,20,10.195121951219512,26,2.0,3.5,0.0,281.0,1.0,418,0.5365853658536586,0.0
A-c9bb3e,0.1466,low,1521.7,4,Risque faible / Valeur faible,Aucune action prioritaire,Pro,EdTech,5,10.304347826086955,27,7.0,4.2,1.0,1.0,0.9,474,0.4347826086956521,5.0
A-7c5768,0.1453,low,376.55555555555554,4,Risque faible / Valeur faible,Aucune action prioritaire,Enterprise,HealthTech,3,10.021739130434783,27,5.0,4.0,0.0,,0.8888888888888888,461,0.6739130434782609,4.0
A-1e6fc3,0.1446,low,111.0,4,Risque faible / Valeur faible,Aucune action prioritaire,Pro,EdTech,1,9.384615384615383,19,5.0,3.6666666666666665,0.0,82.0,1.0,244,0.7307692307692307,3.0
A-7c6b6b,0.1444,low,688.2857142857143,4,Risque faible / Valeur faible,Aucune action prioritaire,Basic,FinTech,6,8.885714285714286,22,5.0,4.333333333333333,0.0,13.5,0.8571428571428571,311,0.6857142857142857,2.0
A-cc1d8d,0.1437,low,688.2307692307693,4,Risque faible / Valeur faible,Aucune action prioritaire,Pro,FinTech,5,9.80952380952381,33,5.0,4.5,0.0,,0.8461538461538461,618,0.7619047619047619,2.0
A-781cc0,0.1435,low,1144.6875,4,Risque faible / Valeur faible,Aucune action prioritaire,Pro,EdTech,12,9.93103448275862,31,4.0,3.6666666666666665,0.0,33.5,0.6875,864,0.4827586206896552,3.0
A-5a3eb9,0.1434,low,1561.0,4,Risque faible / Valeur faible,Aucune action prioritaire,Enterprise,DevTools,18,10.46376811594203,34,3.0,,0.0,18.0,0.8461538461538461,722,0.4927536231884058,2.0
A-6a4e2d,0.1376,low,944.9090909090908,4,Risque faible / Valeur faible,Aucune action prioritaire,Pro,EdTech,9,10.11864406779661,27,2.0,4.5,1.0,241.66666666666663,0.8181818181818182,597,0.5254237288135594,0.0
A-702032,0.1371,low,1423.3333333333333,4,Risque faible / Valeur faible,Aucune action prioritaire,Pro,HealthTech,28,10.961538461538462,19,4.0,3.0,0.0,58.0,0.8333333333333334,285,0.5769230769230769,1.0
A-970c97,0.1369,low,1922.625,4,Risque faible / Valeur faible,Aucune action prioritaire,Enterprise,HealthTech,14,10.090909090909092,26,1.0,5.0,0.0,6.0,0.5,444,0.5454545454545454,1.0
A-55f257,0.1359,low,1213.7,4,Risque faible / Valeur faible,Aucune action prioritaire,Basic,FinTech,9,8.981132075471699,31,6.0,5.0,0.0,,0.8,476,0.4716981132075472,3.0
A-417d2f,0.1355,low,1433.3125,4,Risque faible / Valeur faible,Aucune action prioritaire,Pro,Cybersecurity,4,10.169014084507042,37,6.0,4.333333333333333,0.0,91.0,0.8125,722,0.4366197183098591,4.0
A-524364,0.1353,low,1592.0,4,Risque faible / Valeur faible,Aucune action prioritaire,Enterprise,DevTools,3,9.115384615384617,18,3.0,4.333333333333333,0.0,,1.0,237,0.9230769230769232,2.0
A-2b9d3e,0.1352,low,571.3333333333334,4,Risque faible / Valeur faible,Aucune action prioritaire,Enterprise,EdTech,1,9.866666666666667,26,3.0,5.0,0.0,,0.8888888888888888,444,0.4222222222222222,2.0
A-2e4581,0.1347,low,1260.3,4,Risque faible / Valeur faible,Aucune action prioritaire,Basic,EdTech,9,9.727272727272728,27,2.0,3.0,0.0,,0.8,535,0.6909090909090909,2.0
A-4437e4,0.1337,low,1114.4375,4,Risque faible / Valeur faible,Aucune action prioritaire,Enterprise,Cybersecurity,3,9.710843373493976,37,6.0,3.0,2.0,302.0,0.9375,806,0.5180722891566265,3.0
A-e7beab,0.1319,low,1618.857142857143,4,Risque faible / Valeur faible,Aucune action prioritaire,Enterprise,EdTech,5,10.36111111111111,22,6.0,4.0,0.0,128.0,1.0,373,0.4722222222222222,2.0
A-e83938,0.1309,low,937.875,4,Risque faible / Valeur faible,Aucune action prioritaire,Pro,DevTools,2,8.580645161290322,22,4.0,3.0,0.0,,0.75,266,0.5806451612903226,0.0
A-832ec2,0.1304,low,1162.375,4,Risque faible / Valeur faible,Aucune action prioritaire,Enterprise,FinTech,4,10.428571428571429,31,3.0,4.0,1.0,,0.375,511,0.5102040816326531,1.0
A-b20d99,0.1302,low,1581.2857142857142,4,Risque faible / Valeur faible,Aucune action prioritaire,Basic,HealthTech,20,9.969696969696969,22,2.0,3.5,0.0,,0.8571428571428571,329,0.3636363636363636,0.0
A-3cc791,0.1271,low,1065.25,4,Risque faible / Valeur faible,Aucune action prioritaire,Enterprise,EdTech,6,9.717391304347826,28,6.0,4.25,1.0,,0.75,447,0.6521739130434783,3.0
A-ffdfd5,0.1271,low,1432.2,4,Risque faible / Valeur faible,Aucune action prioritaire,Basic,EdTech,3,10.173076923076923,29,0.0,,0.0,11.0,0.8,529,0.5384615384615384,0.0
A-de24d5,0.126,low,1640.5384615384614,4,Risque faible / Valeur faible,Aucune action prioritaire,Enterprise,DevTools,5,10.132075471698114,29,7.0,3.0,0.0,12.0,0.9230769230769232,537,0.5283018867924528,3.0
A-ccb686,0.1216,low,1795.0833333333333,4,Risque faible / Valeur faible,Aucune action prioritaire,Basic,DevTools,10,10.3,35,1.0,4.0,0.0,159.0,0.6666666666666666,721,0.6571428571428571,1.0
A-e351e1,0.1211,low,699.6,4,Risque faible / Valeur faible,Aucune action prioritaire,Enterprise,EdTech,33,10.172413793103448,18,4.0,3.75,0.0,3.0,0.8,295,0.7586206896551724,1.0
A-5b051a,0.1203,low,583.0,4,Risque faible / Valeur faible,Aucune action prioritaire,Enterprise,Cybersecurity,22,10.6875,14,1.0,3.0,0.0,64.0,1.0,171,1.0625,1.0
A-922109,0.12,low,1086.0,4,Risque faible / Valeur faible,Aucune action prioritaire,Pro,Cybersecurity,3,10.367088607594935,35,3.0,3.0,0.0,165.0,0.7692307692307693,819,0.430379746835443,1.0
A-8bde0c,0.1188,low,1899.888888888889,4,Risque faible / Valeur faible,Aucune action prioritaire,Basic,DevTools,12,9.6625,34,3.0,4.0,0.0,6.5,0.8333333333333334,773,0.5375,1.0
A-463db0,0.1186,low,1895.142857142857,4,Risque faible / Valeur faible,Aucune action prioritaire,Basic,HealthTech,15,9.91891891891892,25,6.0,4.25,1.0,,0.7142857142857143,367,0.3513513513513513,2.0
A-1f0ac7,0.1166,low,1325.0,4,Risque faible / Valeur faible,Aucune action prioritaire,Basic,HealthTech,24,9.317073170731708,26,2.0,,0.0,,0.7142857142857143,382,0.5121951219512195,1.0
A-7f4db3,0.1159,low,1751.7333333333331,4,Risque faible / Valeur faible,Aucune action prioritaire,Pro,FinTech,4,9.377777777777778,36,5.0,3.25,1.0,154.66666666666666,0.8666666666666667,844,0.5111111111111111,2.0
A-0158bb,0.1157,low,678.3333333333334,4,Risque faible / Valeur faible,Aucune action prioritaire,Basic,FinTech,5,10.11111111111111,19,1.0,3.0,0.0,,0.8333333333333334,364,0.6111111111111112,1.0
A-bad8c1,0.1142,low,1113.857142857143,4,Risque faible / Valeur faible,Aucune action prioritaire,Basic,FinTech,7,10.405405405405403,29,1.0,4.0,0.0,,1.0,385,0.2972972972972973,1.0
A-82d8a6,0.113,low,1645.0588235294117,4,Risque faible / Valeur faible,Aucune action prioritaire,Basic,Cybersecurity,5,9.442857142857145,32,5.0,3.5,0.0,5.5,0.8823529411764706,661,0.5428571428571428,3.0
A-44dc83,0.1118,low,114.0,4,Risque faible / Valeur faible,Aucune action prioritaire,Basic,EdTech,5,10.333333333333334,16,7.0,4.6,0.0,,1.0,248,0.5416666666666666,4.0
A-05d3b3,0.1086,low,970.0,4,Risque faible / Valeur faible,Aucune action prioritaire,Basic,DevTools,9,10.03125,32,6.0,4.333333333333333,0.0,7.0,0.7692307692307693,642,0.34375,3.0
A-2edab2,0.1086,low,1139.0,4,Risque faible / Valeur faible,Aucune action prioritaire,Enterprise,HealthTech,17,10.361702127659576,28,4.0,3.0,0.0,220.0,0.9,487,0.5531914893617021,1.0
A-684255,0.1077,low,846.0,4,Risque faible / Valeur faible,Aucune action prioritaire,Enterprise,FinTech,9,9.893939393939394,34,4.0,4.666666666666667,1.0,32.333333333333336,0.6428571428571429,653,0.6666666666666666,1.0
A-df1e44,0.1045,low,1191.5454545454545,4,Risque faible / Valeur faible,Aucune action prioritaire,Enterprise,Cybersecurity,12,10.0,25,2.0,5.0,0.0,98.0,0.7272727272727273,420,0.3333333333333333,1.0
A-474ad4,0.1036,low,808.3333333333334,4,Risque faible / Valeur faible,Aucune action prioritaire,Basic,EdTech,8,9.453125,34,3.0,5.0,1.0,19.5,0.6666666666666666,605,0.703125,1.0
A-b2225d,0.1028,low,1590.6666666666667,4,Risque faible / Valeur faible,Aucune action prioritaire,Basic,FinTech,47,9.534246575342468,34,2.0,3.0,0.0,,0.75,696,0.821917808219178,2.0
A-b11cd0,0.1011,low,801.0,4,Risque faible / Valeur faible,Aucune action prioritaire,Pro,DevTools,26,9.586206896551724,21,4.0,4.0,0.0,435.5,1.0,278,0.5517241379310345,0.0
A-a0ca4e,0.099,low,1848.111111111111,4,Risque faible / Valeur faible,Aucune action prioritaire,Pro,Cybersecurity,11,9.564102564102564,26,6.0,3.8,3.0,,0.8888888888888888,373,0.358974358974359,2.0
A-0be015,0.0981,low,235.6,4,Risque faible / Valeur faible,Aucune action prioritaire,Pro,FinTech,19,10.607142857142858,19,7.0,4.2,1.0,9.0,0.6,297,0.4642857142857143,4.0
A-098560,0.098,low,1120.5454545454545,4,Risque faible / Valeur faible,Aucune action prioritaire,Enterprise,DevTools,1,10.309090909090909,32,2.0,3.0,1.0,84.0,0.7272727272727273,567,0.5818181818181818,1.0
A-029f69,0.0947,low,914.875,4,Risque faible / Valeur faible,Aucune action prioritaire,Basic,Cybersecurity,3,9.392857142857142,37,2.0,3.0,0.0,20.0,0.625,789,0.5,1.0
A-ee42db,0.0942,low,963.9166666666666,4,Risque faible / Valeur faible,Aucune action prioritaire,Enterprise,EdTech,13,9.462962962962964,31,4.0,3.0,0.0,,0.9166666666666666,511,0.6111111111111112,2.0
A-b9eed8,0.094,low,1507.0,4,Risque faible / Valeur faible,Aucune action prioritaire,Basic,Cybersecurity,11,10.21311475409836,29,5.0,3.75,1.0,,0.8181818181818182,623,0.9016393442622952,2.0
A-dcc3f1,0.0936,low,1593.375,4,Risque faible / Valeur faible,Aucune action prioritaire,Pro,HealthTech,21,10.416666666666666,31,9.0,3.8,0.0,,0.75,500,0.6666666666666666,6.0
A-32fb14,0.0931,low,1129.111111111111,4,Risque faible / Valeur faible,Aucune action prioritaire,Enterprise,DevTools,26,10.382978723404255,27,5.0,4.5,0.0,128.5,0.7777777777777778,488,0.4042553191489361,3.0
A-2922b6,0.0927,low,1778.1666666666667,4,Risque faible / Valeur faible,Aucune action prioritaire,Basic,HealthTech,15,10.62162162162162,27,2.0,4.0,0.0,11.0,0.8333333333333334,393,0.3513513513513513,2.0
A-0f3e88,0.0923,low,511.27272727272725,4,Risque faible / Valeur faible,Aucune action prioritaire,Basic,HealthTech,7,10.135593220338984,32,3.0,4.5,0.0,12.0,0.7272727272727273,598,0.4745762711864407,1.0
A-a2485e,0.092,low,1462.5,4,Risque faible / Valeur faible,Aucune action prioritaire,Pro,FinTech,3,11.321428571428571,22,0.0,,0.0,,0.6666666666666666,317,0.4642857142857143,0.0
A-592832,0.0893,low,1714.2631578947369,4,Risque faible / Valeur faible,Aucune action prioritaire,Basic,Cybersecurity,18,10.425742574257423,38,3.0,5.0,0.0,31.666666666666668,0.7894736842105263,1053,0.5445544554455446,1.0
A-e5d6ab,0.0865,low,1304.8,4,Risque faible / Valeur faible,Aucune action prioritaire,Pro,EdTech,3,9.317073170731708,29,3.0,,0.0,214.0,0.9,382,0.5609756097560976,2.0
A-7c83a1,0.0861,low,1394.25,4,Risque faible / Valeur faible,Aucune action prioritaire,Pro,Cybersecurity,12,10.193548387096774,29,4.0,4.0,0.0,83.33333333333333,0.9166666666666666,632,0.3709677419354839,2.0
A-f51f16,0.0857,low,1663.75,4,Risque faible / Valeur faible,Aucune action prioritaire,Enterprise,HealthTech,1,10.37837837837838,25,4.0,3.0,0.0,144.0,0.875,384,0.7567567567567568,3.0
A-396e5f,0.0853,low,1023.6,4,Risque faible / Valeur faible,Aucune action prioritaire,Enterprise,Cybersecurity,2,9.818181818181818,29,5.0,4.0,1.0,,0.8,540,0.4181818181818181,4.0
A-df10db,0.085,low,1066.3636363636365,4,Risque faible / Valeur faible,Aucune action prioritaire,Enterprise,DevTools,2,10.890625,31,2.0,3.0,1.0,466.0,0.8181818181818182,697,0.625,0.0
A-fd7ad3,0.0849,low,383.1,4,Risque faible / Valeur faible,Aucune action prioritaire,Enterprise,Cybersecurity,1,10.125,31,8.0,4.166666666666667,1.0,15.0,0.9,567,0.75,4.0
A-443f6f,0.0831,low,1510.4444444444443,4,Risque faible / Valeur faible,Aucune action prioritaire,Basic,Cybersecurity,19,9.410714285714286,31,4.0,4.666666666666667,0.0,1.0,0.7777777777777778,527,0.5,2.0
A-e1462e,0.0803,low,1718.571428571429,4,Risque faible / Valeur faible,Aucune action prioritaire,Basic,FinTech,15,9.914285714285716,26,2.0,3.5,0.0,,0.7142857142857143,347,0.6285714285714286,2.0
A-a1bbb6,0.0784,low,1800.25,4,Risque faible / Valeur faible,Aucune action prioritaire,Basic,DevTools,1,9.891891891891891,23,3.0,4.0,0.0,130.0,0.625,366,0.5405405405405406,3.0
A-751bd4,0.0782,low,95.0,4,Risque faible / Valeur faible,Aucune action prioritaire,Pro,Cybersecurity,10,9.2,9,6.0,4.25,1.0,,1.0,92,0.0,4.0
A-dcc2f0,0.0775,low,1166.2,4,Risque faible / Valeur faible,Aucune action prioritaire,Basic,FinTech,15,10.960526315789474,35,2.0,,0.0,48.0,0.8666666666666667,833,0.3421052631578947,1.0
A-88c6ca,0.075,low,921.2857142857144,4,Risque faible / Valeur faible,Aucune action prioritaire,Basic,FinTech,5,10.372093023255816,27,1.0,,0.0,,1.0,446,0.4418604651162791,1.0
A-1b9609,0.0746,low,1528.1818181818182,4,Risque faible / Valeur faible,Aucune action prioritaire,Enterprise,EdTech,4,9.72340425531915,28,4.0,3.0,0.0,8.0,0.8181818181818182,457,0.4468085106382978,3.0
A-39868b,0.0741,low,838.8,4,Risque faible / Valeur faible,Aucune action prioritaire,Pro,FinTech,9,10.892857142857142,22,6.0,4.25,0.0,,0.4,305,0.75,2.0
A-69b156,0.072,low,1588.111111111111,4,Risque faible / Valeur faible,Aucune action prioritaire,Pro,EdTech,7,10.0,24,7.0,4.0,0.0,52.5,0.7777777777777778,360,0.5555555555555556,4.0
A-f3ff05,0.0706,low,1497.3076923076924,4,Risque faible / Valeur faible,Aucune action prioritaire,Enterprise,FinTech,2,10.181818181818182,28,3.0,3.5,0.0,30.0,0.9230769230769232,672,0.5454545454545454,1.0
A-3932db,0.0694,low,1565.2222222222222,4,Risque faible / Valeur faible,Aucune action prioritaire,Pro,HealthTech,19,9.434782608695652,28,6.0,4.333333333333333,0.0,17.0,1.0,434,0.6086956521739131,3.0
A-0f7d77,0.0683,low,387.6666666666667,4,Risque faible / Valeur faible,Aucune action prioritaire,Pro,FinTech,3,9.933333333333334,23,5.0,5.0,0.0,30.0,0.5,298,0.6333333333333333,3.0
A-856b1e,0.0538,low,1053.5,4,Risque faible / Valeur faible,Aucune action prioritaire,Basic,FinTech,19,10.0,17,5.0,,1.0,,0.8333333333333334,230,1.0434782608695652,0.0
